unix,date,symbol,open,high,low,close,volume,tradecount
1655600000000,2022-06-19 00:00:00,BTC/USDT,18959.7,19099.5,18850,18964.9,275438915.6,109531
1655510000000,2022-06-18 00:00:00,BTC/USDT,20457.3,20768.4,17593.2,18959.7,24038549203,9583930
1655420000000,2022-06-17 00:00:00,BTC/USDT,20387.4,21388,20228,20457.3,16088733040,6079947
1655340000000,2022-06-16 00:00:00,BTC/USDT,22567.5,23000,20222,20387.4,18813838460,7395505
1655250000000,2022-06-15 00:00:00,BTC/USDT,22122.7,22800,20100.2,22567.5,32006546660,11845837
1655160000000,2022-06-14 00:00:00,BTC/USDT,22471.4,23424.2,20823,22122.7,27599590727,10260084
1655080000000,2022-06-13 00:00:00,BTC/USDT,26564.7,26877,21900,22471.5,39289035377,12474566
1654990000000,2022-06-12 00:00:00,BTC/USDT,28416.6,28530.3,26538.7,26564.7,15462378091,5008490
1654910000000,2022-06-11 00:00:00,BTC/USDT,29077.7,29427.9,28080,28416.7,11234144827,3598306
1654820000000,2022-06-10 00:00:00,BTC/USDT,30093.4,30374.1,28805,29077.7,13179453293,3965215
1654730000000,2022-06-09 00:00:00,BTC/USDT,30192.6,30691.9,29914.5,30093.3,9291136222,2788244
1654650000000,2022-06-08 00:00:00,BTC/USDT,31118,31325,29825,30192.5,13872254799,4067735
1654560000000,2022-06-07 00:00:00,BTC/USDT,31361.2,31599,29190,31118.1,20938600076,5975164
1654470000000,2022-06-06 00:00:00,BTC/USDT,29910,31780,29876.2,31361.2,13627289855,4199213
1654390000000,2022-06-05 00:00:00,BTC/USDT,29848.5,30250,29524,29909.9,6129273443,2136355
1654300000000,2022-06-04 00:00:00,BTC/USDT,29682.8,29988,29456,29848.4,5568229842,2016136
1654210000000,2022-06-03 00:00:00,BTC/USDT,30437.1,30693.2,29220,29682.8,10664927716,3436609
1654130000000,2022-06-02 00:00:00,BTC/USDT,29796.9,30750,29566.1,30437.1,11143387488,3538451
1654040000000,2022-06-01 00:00:00,BTC/USDT,31797.9,31986.1,29300,29796.9,17126731272,4628699
1653960000000,2022-05-31 00:00:00,BTC/USDT,31726.5,32427.5,31222,31797.8,12177347049,3584533
1653870000000,2022-05-30 00:00:00,BTC/USDT,29452.6,32307.6,29301.1,31726.5,15459298501,4335582
1653780000000,2022-05-29 00:00:00,BTC/USDT,29018.8,29595.2,28825,29452.8,6278945106,2143741
1653700000000,2022-05-28 00:00:00,BTC/USDT,28623.3,29265.7,28520,29018.8,5593154078,1892856
1653610000000,2022-05-27 00:00:00,BTC/USDT,29194,29387,28259.6,28623.2,14627232915,4601526
1653520000000,2022-05-26 00:00:00,BTC/USDT,29536.7,29877,27952.1,29194,17570547238,4998028
1653440000000,2022-05-25 00:00:00,BTC/USDT,29643,30246.7,29330,29536.7,12302779678,3644948
1653350000000,2022-05-24 00:00:00,BTC/USDT,29097.8,29887.3,28637.6,29643.1,11175809570,3486602
1653260000000,2022-05-23 00:00:00,BTC/USDT,30284,30658,28840.7,29097.7,14259460843,4234598
1653180000000,2022-05-22 00:00:00,BTC/USDT,29427.4,30500,29223.6,30284,8892178256,2699817
1653090000000,2022-05-21 00:00:00,BTC/USDT,29188.9,29650,28927,29427.4,5951830742,2179630
1653000000000,2022-05-20 00:00:00,BTC/USDT,30319.9,30784.4,28702,29188.9,14409462582,4396626
1652920000000,2022-05-19 00:00:00,BTC/USDT,28700.6,30550,28670.5,30319.9,13313042276,4384132
1652830000000,2022-05-18 00:00:00,BTC/USDT,30437,30700,28629.6,28700.6,12571901286,4172681
1652750000000,2022-05-17 00:00:00,BTC/USDT,29866.4,30794,29420,30437,12050567026,4083135
1652660000000,2022-05-16 00:00:00,BTC/USDT,31324.3,31327.4,29052.3,29866.7,15148324200,5014012
1652570000000,2022-05-15 00:00:00,BTC/USDT,30079.5,31462,29448,31324.4,10189057496,3738894
1652490000000,2022-05-14 00:00:00,BTC/USDT,29274.2,30352.2,28602.3,30079.8,9273623685,3756979
1652400000000,2022-05-13 00:00:00,BTC/USDT,29020.8,31072.6,28730.4,29274.3,15321440645,5507009
1652310000000,2022-05-12 00:00:00,BTC/USDT,29077.9,30257,26631,29020.7,27412613955,9545187
1652230000000,2022-05-11 00:00:00,BTC/USDT,31002.1,32197.6,27651,29074.7,33432659605,9995578
1652140000000,2022-05-10 00:00:00,BTC/USDT,30056,32650,29701.4,31002.1,27002792323,8033585
1652050000000,2022-05-09 00:00:00,BTC/USDT,34032.1,34243.3,30003.6,30056.6,34585085018,9184779
1651970000000,2022-05-08 00:00:00,BTC/USDT,35466.7,35504,33665,34032,14710577346,4516970
1651880000000,2022-05-07 00:00:00,BTC/USDT,35995.2,36138,34700,35466.7,7130599918,2212165
1651800000000,2022-05-06 00:00:00,BTC/USDT,36533.7,36679.3,35200,35995.3,15553837186,3998315
1651710000000,2022-05-05 00:00:00,BTC/USDT,39684.1,39845,35388,36534.7,20498697693,5070147
1651620000000,2022-05-04 00:00:00,BTC/USDT,37713,40071.7,37655.2,39684,16546422735,4133946
1651540000000,2022-05-03 00:00:00,BTC/USDT,38525.5,38674.7,37500.1,37712.9,9498898383,2698667
1651450000000,2022-05-02 00:00:00,BTC/USDT,38440.2,39222,38032.2,38525.6,13024319964,3521802
1651360000000,2022-05-01 00:00:00,BTC/USDT,37614.4,38680.6,37350,38440.5,9004710659,2621618
1651280000000,2022-04-30 00:00:00,BTC/USDT,38572.2,38782.6,37550,37614.5,6968090176,2037497
1651190000000,2022-04-29 00:00:00,BTC/USDT,39732.5,39924.8,38160,38572.2,12006054617,3106694
1651100000000,2022-04-28 00:00:00,BTC/USDT,39209,40376.6,38861.8,39732.5,16383567774,3928985
1651020000000,2022-04-27 00:00:00,BTC/USDT,38093.7,39470,37844.5,39209,14987444127,3726498
1650930000000,2022-04-26 00:00:00,BTC/USDT,40411,40800,37671.8,38093.7,17745663524,4384061
1650840000000,2022-04-25 00:00:00,BTC/USDT,39433.4,40650,38111,40411,17582505298,4399875
1650760000000,2022-04-24 00:00:00,BTC/USDT,39413.8,39930.6,38884.1,39433.4,7132438712,1944480
1650670000000,2022-04-23 00:00:00,BTC/USDT,39674.3,40000,39259,39415.1,4956239492,1602703
1650590000000,2022-04-22 00:00:00,BTC/USDT,40449.7,40786.1,39133,39674.2,12603399106,3578572
1650500000000,2022-04-21 00:00:00,BTC/USDT,41326,42966,39630,40449.8,16394716250,4300495
1650410000000,2022-04-20 00:00:00,BTC/USDT,41472.9,42166.8,40800,41327.7,10680662831,2731896
1650330000000,2022-04-19 00:00:00,BTC/USDT,40785.7,41788,40543.7,41472.9,8812710771,2272668
1650240000000,2022-04-18 00:00:00,BTC/USDT,39649.1,41310,38465.7,40785.6,14385834913,3387459
1650150000000,2022-04-17 00:00:00,BTC/USDT,40360.9,40574.1,39510,39649.1,6844928575,1664402
1650070000000,2022-04-16 00:00:00,BTC/USDT,40529.6,40700,39944.9,40361,5151896755,1336108
1649980000000,2022-04-15 00:00:00,BTC/USDT,39915.9,40888,39734.2,40529.5,7834169294,1968852
1649890000000,2022-04-14 00:00:00,BTC/USDT,41129.8,41474.8,39522,39915.9,10618983520,2615945
1649810000000,2022-04-13 00:00:00,BTC/USDT,40060.7,41580,39569.8,41129.8,13171291934,3176539
1649720000000,2022-04-12 00:00:00,BTC/USDT,39505.6,40700,39224,40060.7,13983036683,3292065
1649640000000,2022-04-11 00:00:00,BTC/USDT,42140.3,42399.9,39136.7,39505.6,17947558295,4212901
1649550000000,2022-04-10 00:00:00,BTC/USDT,42727.8,43399.4,41838,42140.4,7757900434,1922058
1649460000000,2022-04-09 00:00:00,BTC/USDT,42229.1,42796.7,42100.3,42727.7,5079062857,1398153
1649380000000,2022-04-08 00:00:00,BTC/USDT,43417.1,43968.1,42074,42229.2,13392061160,3039074
1649290000000,2022-04-07 00:00:00,BTC/USDT,43159.8,43888,42685,43417.1,9962663418,2352054
1649200000000,2022-04-06 00:00:00,BTC/USDT,45477.5,45494.2,43100,43159.7,17045609346,3589835
1649120000000,2022-04-05 00:00:00,BTC/USDT,46580.9,47188,45300,45477.4,11905271461,2349083
1649030000000,2022-04-04 00:00:00,BTC/USDT,46392.3,46895.5,45094,46580.9,12550005434,2435925
1648940000000,2022-04-03 00:00:00,BTC/USDT,45792.3,47448,45501,46392.4,9869048182,2007773
1648860000000,2022-04-02 00:00:00,BTC/USDT,46266.2,47236.8,45600,45794.6,10506397609,2087086
1648770000000,2022-04-01 00:00:00,BTC/USDT,45505.9,46700,44206.2,46266.2,16398107294,3077896
1648680000000,2022-03-31 00:00:00,BTC/USDT,47053.1,47619.4,45185,45506,13933431989,2704524
1648600000000,2022-03-30 00:00:00,BTC/USDT,47418.5,47688.6,46535,47053.2,11089386781,2279014
1648510000000,2022-03-29 00:00:00,BTC/USDT,47121.8,48100,46911,47418.5,12315667516,2407067
1648430000000,2022-03-28 00:00:00,BTC/USDT,46820.9,48200,46651.2,47121.9,15043239939,3149233
1648340000000,2022-03-27 00:00:00,BTC/USDT,44489.3,47047,44416,46820.8,12238392164,2526390
1648250000000,2022-03-26 00:00:00,BTC/USDT,44290.6,44785,44041,44489.2,6243407333,1476070
1648170000000,2022-03-25 00:00:00,BTC/USDT,43973.2,45142,43575.1,44290.6,15463641455,3146493
1648080000000,2022-03-24 00:00:00,BTC/USDT,42867.8,44200,42525,43973.4,14365660203,3127793
1647990000000,2022-03-23 00:00:00,BTC/USDT,42349.9,43051,41731.3,42867.9,11938814869,2643858
1647910000000,2022-03-22 00:00:00,BTC/USDT,40982,43517.7,40852,42349.8,15892694389,3429191
1647820000000,2022-03-21 00:00:00,BTC/USDT,41261,41544.4,40430,40982,12653661230,2575120
1647730000000,2022-03-20 00:00:00,BTC/USDT,42188.2,42269.3,40900,41261,9789547363,2023810
1647650000000,2022-03-19 00:00:00,BTC/USDT,41751.6,42446.6,41500,42188.2,7807076597,1729803
1647560000000,2022-03-18 00:00:00,BTC/USDT,40898,42322.8,40084.2,41751.5,12263436409,2791205
1647480000000,2022-03-17 00:00:00,BTC/USDT,41105.9,41498.4,40442.8,40898.1,9978203720,2446187
1647390000000,2022-03-16 00:00:00,BTC/USDT,39270.9,41804,38700,41105.8,26187353348,6249052
1647300000000,2022-03-15 00:00:00,BTC/USDT,39651.6,39901.8,38073.8,39271,13464944694,3198153
1647220000000,2022-03-14 00:00:00,BTC/USDT,37743,39989,37522.1,39653.8,13971397118,3346589
1647130000000,2022-03-13 00:00:00,BTC/USDT,38792.7,39300,37500,37743.7,9151745127,2373595
1647040000000,2022-03-12 00:00:00,BTC/USDT,38713.1,39578.4,38630,38792.6,6738409306,1916408
1646960000000,2022-03-11 00:00:00,BTC/USDT,39407.1,40242,38200.1,38713,18251508271,4566236
1646870000000,2022-03-10 00:00:00,BTC/USDT,41939.5,42034.3,38512,39407.2,20592964930,5039014
1646780000000,2022-03-09 00:00:00,BTC/USDT,38709.9,42647.5,38638.7,41937.5,19171096064,4564168
1646700000000,2022-03-08 00:00:00,BTC/USDT,37963.7,39340.5,37853,38709.9,16295438565,4243987
1646610000000,2022-03-07 00:00:00,BTC/USDT,38401.1,39550,37134,37963.8,18764725861,4747049
1646520000000,2022-03-06 00:00:00,BTC/USDT,39375,39690,38056,38401.1,12109833925,3162831
1646440000000,2022-03-05 00:00:00,BTC/USDT,39127.7,39580,38547.6,39375.1,7774650477,2212218
1646350000000,2022-03-04 00:00:00,BTC/USDT,42449.6,42525.3,38521,39127.7,19124060705,4908804
1646270000000,2022-03-03 00:00:00,BTC/USDT,43885.8,44080,41831,42449.5,15701873991,3803308
1646180000000,2022-03-02 00:00:00,BTC/USDT,44393.6,45350,43321,43885.7,17988671381,4239890
1646090000000,2022-03-01 00:00:00,BTC/USDT,43155,44935,42765.4,44394.1,19622069857,4610393
1646010000000,2022-02-28 00:00:00,BTC/USDT,37672.1,44341,37414.4,43155,24659800737,5894312
1645920000000,2022-02-27 00:00:00,BTC/USDT,39099.3,39868.6,36934.6,37672,16317550913,4101060
1645830000000,2022-02-26 00:00:00,BTC/USDT,39205.4,40441.1,38561.7,39099.3,9879223598,2697306
1645750000000,2022-02-25 00:00:00,BTC/USDT,38316.2,39750,37999.2,39205.4,16181393771,4273206
1645660000000,2022-02-24 00:00:00,BTC/USDT,37227.9,40376.1,34303.7,38315.1,33179251057,8122647
1645570000000,2022-02-23 00:00:00,BTC/USDT,38212.1,39250,36963.2,37227.8,15594144072,3541556
1645490000000,2022-02-22 00:00:00,BTC/USDT,36986.4,38450,36310.1,38212,17408326521,4341079
1645400000000,2022-02-21 00:00:00,BTC/USDT,38367.9,39510,36762,36986.4,24685541252,5359508
1645320000000,2022-02-20 00:00:00,BTC/USDT,40052.6,40100.1,37905,38368.1,12741245043,2965260
1645230000000,2022-02-19 00:00:00,BTC/USDT,39966.8,40438.7,39610.3,40052.6,7424908673,1963483
1645140000000,2022-02-18 00:00:00,BTC/USDT,40491.8,40944.1,39422,39966.8,15188089910,3531150
1645060000000,2022-02-17 00:00:00,BTC/USDT,43860.8,44150,40020.1,40491.7,18306714686,4093325
1644970000000,2022-02-16 00:00:00,BTC/USDT,44529.7,44536.8,43277.8,43860.7,11231548897,2543753
1644880000000,2022-02-15 00:00:00,BTC/USDT,42525.14,44777,42406.23,44529.6,12150999143,2782170
1644800000000,2022-02-14 00:00:00,BTC/USDT,42041.12,42888,41526,42525.14,12843945742,3037236
1644710000000,2022-02-13 00:00:00,BTC/USDT,42199.88,42755.97,41850,42041.13,8127109309,2148957
1644620000000,2022-02-12 00:00:00,BTC/USDT,42365.99,42980,41540,42199.87,10831014104,2871604
1644540000000,2022-02-11 00:00:00,BTC/USDT,43471.3,43900,41914.23,42366,17859967570,4498402
1644450000000,2022-02-10 00:00:00,BTC/USDT,44358.09,45847.5,43136.96,43471.29,25056911388,5369837
1644360000000,2022-02-09 00:00:00,BTC/USDT,44021.58,44826,43089.08,44358.08,13182555303,3214990
1644280000000,2022-02-08 00:00:00,BTC/USDT,43829.99,45600,42641,44021.57,20510408716,4649391
1644190000000,2022-02-07 00:00:00,BTC/USDT,42361.34,44541.16,41609.76,43829.99,18066735189,4078430
1644110000000,2022-02-06 00:00:00,BTC/USDT,41374.68,42656.8,41100,42361.35,8973046763,2197115
1644020000000,2022-02-05 00:00:00,BTC/USDT,41550,41922,40920,41374.69,10047968022,2728847
1643930000000,2022-02-04 00:00:00,BTC/USDT,37287.33,41741.76,37011,41550,20278655698,4876035
1643850000000,2022-02-03 00:00:00,BTC/USDT,36892.05,37395,36204.3,37289.86,11697089175,3020061
1643760000000,2022-02-02 00:00:00,BTC/USDT,38680.51,38834.18,36529.81,36892.03,12748099871,3238066
1643670000000,2022-02-01 00:00:00,BTC/USDT,38439.04,39260.26,37969,38680.51,13632595784,3602863
1643590000000,2022-01-31 00:00:00,BTC/USDT,37870,38741.73,36620,38439.04,11976940218,3180130
1643500000000,2022-01-30 00:00:00,BTC/USDT,38150,38420.3,37334.83,37870.01,7393111441,2182990
1643410000000,2022-01-29 00:00:00,BTC/USDT,37696.22,38750.94,37252,38150.01,9034176250,2643842
1643330000000,2022-01-28 00:00:00,BTC/USDT,37131,38000,36149.02,37696.21,13594591900,3780617
1643240000000,2022-01-27 00:00:00,BTC/USDT,36787.42,37200,35471.53,37131,15328505622,4341962
1643160000000,2022-01-26 00:00:00,BTC/USDT,36934.26,38886.58,36232.42,36787.43,20858872853,5467829
1643070000000,2022-01-25 00:00:00,BTC/USDT,36648.3,37561.03,35693,36934.26,14967474933,4251175
1642980000000,2022-01-24 00:00:00,BTC/USDT,36230,37528,32853.83,36648.31,28523818659,7379240
1642900000000,2022-01-23 00:00:00,BTC/USDT,35043.73,36496.92,34588.8,36230.01,13097400244,3421563
1642810000000,2022-01-22 00:00:00,BTC/USDT,36426.46,36817.74,33950,35043.73,23906967843,6139534
1642720000000,2022-01-21 00:00:00,BTC/USDT,40662.06,41095.76,35380.92,36425.98,30302616544,7112977
1642640000000,2022-01-20 00:00:00,BTC/USDT,41656.9,43495,40550,40661.69,16867468374,3649340
1642550000000,2022-01-19 00:00:00,BTC/USDT,42337.58,42545,41115.64,41657.89,13989826398,3093452
1642460000000,2022-01-18 00:00:00,BTC/USDT,42176.34,42680,41260,42337.58,11189671439,2605464
1642380000000,2022-01-17 00:00:00,BTC/USDT,43060.66,43159.32,41523.68,42176.34,9870740740,2576335
1642290000000,2022-01-16 00:00:00,BTC/USDT,43070.51,43464.71,42531.69,43060.66,7638792723,2004334
1642200000000,2022-01-15 00:00:00,BTC/USDT,43042.4,43800,42530.64,43070.51,7962625062,2162077
1642120000000,2022-01-14 00:00:00,BTC/USDT,42538.72,43450,41666,43042.4,11620761639,2711286
1642030000000,2022-01-13 00:00:00,BTC/USDT,43880.72,44396.68,42301.16,42534.32,12536916956,2842230
1641950000000,2022-01-12 00:00:00,BTC/USDT,42700.69,44300,42415,43880.72,12189347664,2653237
1641860000000,2022-01-11 00:00:00,BTC/USDT,41801.55,43118,41255,42700.68,13657150778,3210875
1641770000000,2022-01-10 00:00:00,BTC/USDT,41851.22,42219.84,39610,41801.55,18676770270,4253158
1641690000000,2022-01-09 00:00:00,BTC/USDT,41688.05,42773.85,41170,41851.22,9347759287,2349047
1641600000000,2022-01-08 00:00:00,BTC/USDT,41553.87,42335,40500,41688.05,11779922567,2952768
1641510000000,2022-01-07 00:00:00,BTC/USDT,43080.01,43135,40456.56,41553.86,19783906993,4387523
1641430000000,2022-01-06 00:00:00,BTC/USDT,43421.7,43766,42385.83,43080.01,12890924258,2967072
1641340000000,2022-01-05 00:00:00,BTC/USDT,45833.41,47075.29,42270,43421.69,21959888821,4438181
1641250000000,2022-01-04 00:00:00,BTC/USDT,46445.8,47524.36,45445.57,45833.42,13573606756,2763606
1641170000000,2022-01-03 00:00:00,BTC/USDT,47280.01,47575.22,45665.4,46445.81,11434725784,2367718
1641080000000,2022-01-02 00:00:00,BTC/USDT,47704.35,48000,46605.68,47280,8730148324,1845244
1641000000000,2022-01-01 00:00:00,BTC/USDT,46210.57,47943.77,46210.55,47704.35,8461832662,1823098
1640910000000,2021-12-31 00:00:00,BTC/USDT,47095.02,48575,45650,46210.56,13567843473,2742753
1640820000000,2021-12-30 00:00:00,BTC/USDT,46436.53,47911.68,45880,47095.02,10818483278,2203374
1640740000000,2021-12-29 00:00:00,BTC/USDT,47522.02,48125.97,46000,46436.54,13014511681,2740566
1640650000000,2021-12-28 00:00:00,BTC/USDT,50707.72,50713.56,47290,47522.03,16407080716,3423898
1640560000000,2021-12-27 00:00:00,BTC/USDT,50765.73,52134,50450,50707.72,11061080417,2265011
1640480000000,2021-12-26 00:00:00,BTC/USDT,50403.64,51300,49350,50765.73,9267956168,1947977
1640390000000,2021-12-25 00:00:00,BTC/USDT,50809.37,51190,50105,50403.64,7493948260,1640853
1640300000000,2021-12-24 00:00:00,BTC/USDT,50817.94,51805,50379.25,50808.55,11239397651,2359503
1640220000000,2021-12-23 00:00:00,BTC/USDT,48569.69,51377.74,48020,50817.92,12639718706,2830824
1640130000000,2021-12-22 00:00:00,BTC/USDT,48875.88,49599,48420.02,48569.69,10204294033,2632960
1640040000000,2021-12-21 00:00:00,BTC/USDT,46896.82,49298.78,46650,48875.15,12591846630,3368367
1639960000000,2021-12-20 00:00:00,BTC/USDT,46668.65,47533.42,45530.67,46898.14,12694248817,3385680
1639870000000,2021-12-19 00:00:00,BTC/USDT,46815.99,48461.17,46399.37,46668.63,11424734108,2869025
1639790000000,2021-12-18 00:00:00,BTC/USDT,46125.33,47336.99,45438.43,46815.99,8888783519,2717062
1639700000000,2021-12-17 00:00:00,BTC/USDT,47629.1,47988.27,45373.11,46125.33,15254949356,3900693
1639610000000,2021-12-16 00:00:00,BTC/USDT,48870.48,49439.79,47500,47624.5,10475553467,2699044
1639530000000,2021-12-15 00:00:00,BTC/USDT,48324,49479.75,46518.73,48870.48,16608174001,4121320
1639440000000,2021-12-14 00:00:00,BTC/USDT,46679.93,48657.92,46255.6,48324.04,12568719900,3361316
1639350000000,2021-12-13 00:00:00,BTC/USDT,50057.02,50180,45600,46679.93,16649825352,4064300
1639270000000,2021-12-12 00:00:00,BTC/USDT,49379.51,50768,48616.16,50057.01,9106252724,2352164
1639180000000,2021-12-11 00:00:00,BTC/USDT,47132.31,49499.05,46724.35,49381.15,10208756470,2548340
1639090000000,2021-12-10 00:00:00,BTC/USDT,47539.34,50188.42,46828.23,47136.35,14624324088,3440326
1639010000000,2021-12-09 00:00:00,BTC/USDT,50459.61,50773.03,47312.89,47539.76,13331462596,3003376
1638920000000,2021-12-08 00:00:00,BTC/USDT,50577.2,51210.6,48533.33,50455.61,11927549318,2569992
1638840000000,2021-12-07 00:00:00,BTC/USDT,50424.72,51929,50012,50577.2,11455372239,2571721
1638750000000,2021-12-06 00:00:00,BTC/USDT,49373.83,50888,47000,50424.72,17416560142,3868686
1638660000000,2021-12-05 00:00:00,BTC/USDT,49135.66,49699.49,47755,49376.6,14016018237,3163309
1638580000000,2021-12-04 00:00:00,BTC/USDT,53611.86,53889.69,40888.89,49135.66,28876836072,5884109
1638490000000,2021-12-03 00:00:00,BTC/USDT,56513.56,57670,50604,53612,20620928587,3755786
1638400000000,2021-12-02 00:00:00,BTC/USDT,57209.28,57428.49,55800,56513.57,14156805566,2673918
1638320000000,2021-12-01 00:00:00,BTC/USDT,56978.06,59100,56500,57209.29,15768296335,3149322
1638230000000,2021-11-30 00:00:00,BTC/USDT,57827.97,59224.99,55900,56975,19388577718,3850454
1638140000000,2021-11-29 00:00:00,BTC/USDT,57315.72,58924.21,56715,57827.98,12407120858,2447845
1638060000000,2021-11-28 00:00:00,BTC/USDT,54738.77,57474.76,53245,57315.73,11739217937,2393952
1637970000000,2021-11-27 00:00:00,BTC/USDT,53755.66,55300,53640.69,54738.77,8478100940,1975864
1637880000000,2021-11-26 00:00:00,BTC/USDT,58988.36,59186.41,53500,53755.65,20945137180,4127437
1637800000000,2021-11-25 00:00:00,BTC/USDT,57165.09,59449.62,57029,58988.21,11190941838,2413373
1637710000000,2021-11-24 00:00:00,BTC/USDT,57574.24,57775.27,55900,57165.08,11043276127,2459067
1637630000000,2021-11-23 00:00:00,BTC/USDT,56268.31,57888,55250,57574.23,15216816648,3319305
1637540000000,2021-11-22 00:00:00,BTC/USDT,58648.87,59624.56,55600,56268.31,18717910073,3832413
1637450000000,2021-11-21 00:00:00,BTC/USDT,59716.28,60052.82,58518.88,58661.39,8509909812,2034106
1637370000000,2021-11-20 00:00:00,BTC/USDT,58069.52,59873.84,57372,59716.29,10188245162,2257300
1637280000000,2021-11-19 00:00:00,BTC/USDT,56921.04,58333,55604,58069.51,14001797580,3004657
1637190000000,2021-11-18 00:00:00,BTC/USDT,60366.97,60999,56505.48,56921.05,24129304003,4629293
1637110000000,2021-11-17 00:00:00,BTC/USDT,60106.03,60848.85,58336.68,60366.96,17181720173,3416114
1637020000000,2021-11-16 00:00:00,BTC/USDT,63654.49,63655.77,58397.14,60106.03,28862014876,4669206
1636930000000,2021-11-15 00:00:00,BTC/USDT,65568.38,66395.05,63351.58,63654.49,13656636971,2387155
1636850000000,2021-11-14 00:00:00,BTC/USDT,64426.99,65569.99,63640,65568.39,9450438558,1786912
1636760000000,2021-11-13 00:00:00,BTC/USDT,64156.08,65073.24,63430.01,64427,7984348166,1585473
1636680000000,2021-11-12 00:00:00,BTC/USDT,64831.2,65500,62313,64156.08,16915954847,3146724
1636590000000,2021-11-11 00:00:00,BTC/USDT,64920.13,65646.98,64147.12,64831.3,11575850112,2510140
1636500000000,2021-11-10 00:00:00,BTC/USDT,67010.65,69198.7,62400.51,64920.13,23147498979,4348447
1636420000000,2021-11-09 00:00:00,BTC/USDT,67606.96,68675.16,66300,67009.98,15654216548,3087341
1636330000000,2021-11-08 00:00:00,BTC/USDT,63316.4,67932.89,63308.7,67606.96,18088392667,3272069
1636240000000,2021-11-07 00:00:00,BTC/USDT,61511.3,63377.58,61368.26,63316.4,8884101796,1799395
1636160000000,2021-11-06 00:00:00,BTC/USDT,61006,61645.75,60100,61511.3,9432009427,1861601
1636070000000,2021-11-05 00:00:00,BTC/USDT,61433.9,62671.48,60762,61006,9697454173,2048592
1635980000000,2021-11-04 00:00:00,BTC/USDT,62946.45,63149,60703,61431.86,11399249536,2147665
1635900000000,2021-11-03 00:00:00,BTC/USDT,63266.69,63613,60300,62946.45,13219637045,2546692
1635810000000,2021-11-02 00:00:00,BTC/USDT,60942.87,64349.55,60659.58,63266.69,13660618220,2578549
1635720000000,2021-11-01 00:00:00,BTC/USDT,61347.14,62543.58,59400,60942.87,15074399515,2574208
1635640000000,2021-10-31 00:00:00,BTC/USDT,61895.19,62462.99,60008,61348.61,11207623544,1990247
1635550000000,2021-10-30 00:00:00,BTC/USDT,62308.21,62415.85,60631.23,61895.19,9612679323,1843670
1635470000000,2021-10-29 00:00:00,BTC/USDT,60622.02,63069.71,60222,62308.22,13443682101,2463370
1635380000000,2021-10-28 00:00:00,BTC/USDT,58449.36,62641.26,57550,60622.03,20097525760,3473122
1635290000000,2021-10-27 00:00:00,BTC/USDT,60358.74,61550,57865,58449.36,19537339455,3358588
1635210000000,2021-10-26 00:00:00,BTC/USDT,63129.25,63362.06,59838.05,60358.75,15638312967,2733730
1635120000000,2021-10-25 00:00:00,BTC/USDT,60902.82,63795.98,60701,63127.04,14692569107,2616705
1635030000000,2021-10-24 00:00:00,BTC/USDT,61325.09,61550,59504.46,60902.82,14885043274,2594160
1634950000000,2021-10-23 00:00:00,BTC/USDT,60734.28,61780,59622,61325.11,13592218440,2490240
1634860000000,2021-10-22 00:00:00,BTC/USDT,62260.33,63796.2,60011.9,60734.27,21694368337,3806113
1634770000000,2021-10-21 00:00:00,BTC/USDT,66064.25,66750,62000,62260.33,30800550148,5154202
1634690000000,2021-10-20 00:00:00,BTC/USDT,64314.75,67150,63518.81,66064.24,21256679161,3807997
1634600000000,2021-10-19 00:00:00,BTC/USDT,62037.92,64500,61300,64316.7,23836964138,4058114
1634520000000,2021-10-18 00:00:00,BTC/USDT,61571.45,62800,59897.61,62037.92,20556521575,3859785
1634430000000,2021-10-17 00:00:00,BTC/USDT,60925.56,61796.47,58850,61571.45,14569391373,2991800
1634340000000,2021-10-16 00:00:00,BTC/USDT,61702.33,62444.23,60220,60925.56,13067491173,2733733
1634260000000,2021-10-15 00:00:00,BTC/USDT,57377.12,63997.61,56900,61702.33,29726367097,5189976
1634170000000,2021-10-14 00:00:00,BTC/USDT,57393.65,58586.67,56800,57378.19,14692446487,3039506
1634080000000,2021-10-13 00:00:00,BTC/USDT,56011.83,57822.38,54271.24,57393.65,18304667792,3544345
1634000000000,2021-10-12 00:00:00,BTC/USDT,57500.01,57756.52,53750,56011.84,19709191748,3760362
1633910000000,2021-10-11 00:00:00,BTC/USDT,54700,57880,54458,57500.01,17849826167,3488893
1633820000000,2021-10-10 00:00:00,BTC/USDT,54960.79,56789,54101,54700,15966267342,3209899
1633740000000,2021-10-09 00:00:00,BTC/USDT,53974.99,55589,53656.66,54960.77,9179243467,2142375
1633650000000,2021-10-08 00:00:00,BTC/USDT,53814.99,56208.73,53647.3,53975,13956986828,3022362
1633560000000,2021-10-07 00:00:00,BTC/USDT,55327.45,55337.8,53374.34,53814.99,14289443599,3228490
1633480000000,2021-10-06 00:00:00,BTC/USDT,51460.22,56416.02,50410,55321.6,22242398945,4406727
1633390000000,2021-10-05 00:00:00,BTC/USDT,49199.78,51888,49009.21,51455.12,15777204364,3327967
1633310000000,2021-10-04 00:00:00,BTC/USDT,48187.99,49544.48,46885.29,49198.22,15638433547,3491003
1633220000000,2021-10-03 00:00:00,BTC/USDT,47626.62,49304.12,47071.26,48187.3,10220431022,2555217
1633130000000,2021-10-02 00:00:00,BTC/USDT,48123.93,48338.68,47410,47626.61,8730132628,2094016
1633050000000,2021-10-01 00:00:00,BTC/USDT,43799.49,48450,43260.01,48123.94,20816747005,4182441
1632960000000,2021-09-30 00:00:00,BTC/USDT,41499.7,44100,41387.78,43796.57,16818655330,3595137
1632870000000,2021-09-29 00:00:00,BTC/USDT,41002.96,42576.8,40708.73,41499.71,12246762410,2890161
1632790000000,2021-09-28 00:00:00,BTC/USDT,42122.69,42749,40854,41006.32,15049002596,3336982
1632700000000,2021-09-27 00:00:00,BTC/USDT,43150.01,44350,42059.13,42122.69,12386098075,2858510
1632610000000,2021-09-26 00:00:00,BTC/USDT,42646.84,43940,40725.01,43150,15063801544,3234331
1632530000000,2021-09-25 00:00:00,BTC/USDT,42798.49,42950,41630.26,42651.58,11773712809,2664046
1632440000000,2021-09-24 00:00:00,BTC/USDT,44828.29,45134.33,40650,42798.49,25937929796,5382969
1632360000000,2021-09-23 00:00:00,BTC/USDT,43520,44976.48,43056,44828.29,14552188971,3230032
1632270000000,2021-09-22 00:00:00,BTC/USDT,40727.83,43989.98,40551.49,43520,17055828173,3884352
1632180000000,2021-09-21 00:00:00,BTC/USDT,43026.61,43629.6,39503.58,40726.1,28674205460,5802228
1632100000000,2021-09-20 00:00:00,BTC/USDT,47256.92,47345,42467.86,43026.6,26601166550,5157870
1632010000000,2021-09-19 00:00:00,BTC/USDT,48284.61,48364.64,46840,47256.91,10122579343,2174041
1631920000000,2021-09-18 00:00:00,BTC/USDT,47303.11,48850,47044.32,48285.15,10031215318,2155659
1631840000000,2021-09-17 00:00:00,BTC/USDT,47745.55,48150,46750,47303.11,10742174763,2357112
1631750000000,2021-09-16 00:00:00,BTC/USDT,48106.13,48488,47038.21,47745.55,12433719043,2620820
1631660000000,2021-09-15 00:00:00,BTC/USDT,47087.18,48440.93,46675,48106.12,11624351580,2516058
1631580000000,2021-09-14 00:00:00,BTC/USDT,44975.96,47272.98,44692.9,47087.18,12831694974,2897568
1631490000000,2021-09-13 00:00:00,BTC/USDT,46048.02,46933.89,43323.93,44975.96,20131171676,4145907
1631400000000,2021-09-12 00:00:00,BTC/USDT,45194.19,46512.2,44746.51,46046.73,10201271596,2321178
1631320000000,2021-09-11 00:00:00,BTC/USDT,44860.83,45999,44737.4,45193.78,8807681962,2214791
1631230000000,2021-09-10 00:00:00,BTC/USDT,46413.88,47037.5,44120,44860.83,15708080883,3380700
1631150000000,2021-09-09 00:00:00,BTC/USDT,46060.02,47400,45500,46413.88,14346157049,3136000
1631060000000,2021-09-08 00:00:00,BTC/USDT,46864.38,47347,44431,46062.29,20085515481,4352909
1630970000000,2021-09-07 00:00:00,BTC/USDT,52683.98,52950,42088,46864.39,37281067593,6793714
1630890000000,2021-09-06 00:00:00,BTC/USDT,51799.56,52830,51040,52683.97,15423250787,2960058
1630800000000,2021-09-05 00:00:00,BTC/USDT,49942.2,51950,49462.59,51799.57,14588935796,2959186
1630710000000,2021-09-04 00:00:00,BTC/USDT,50027.09,50582.08,49360,49940.74,13759937548,2715890
1630630000000,2021-09-03 00:00:00,BTC/USDT,49299.14,51111,48333,50027.08,21513177166,3937764
1630540000000,2021-09-02 00:00:00,BTC/USDT,48842.93,50420,48631.2,49299.14,17997935761,3429775
1630450000000,2021-09-01 00:00:00,BTC/USDT,47150.32,49160.79,46550.99,48842.94,16740393337,3281474
1630370000000,2021-08-31 00:00:00,BTC/USDT,47024.69,48298,46731.03,47150.32,17331998427,3297842
1630280000000,2021-08-30 00:00:00,BTC/USDT,48795.42,48916.25,46876.49,47024.7,16883434689,3200639
1630200000000,2021-08-29 00:00:00,BTC/USDT,48931.99,49769.2,47741.31,48795.41,15338512478,2921430
1630110000000,2021-08-28 00:00:00,BTC/USDT,49082.13,49333,48395.65,48931.99,10891802523,2305599
1630020000000,2021-08-27 00:00:00,BTC/USDT,46854.22,49220,46359.97,49083.98,19245054650,3627060
1629940000000,2021-08-26 00:00:00,BTC/USDT,48992.65,49380,46280,46853.06,22473235583,4109457
1629850000000,2021-08-25 00:00:00,BTC/USDT,47719.37,49297.8,47130.57,48992.65,18737744220,3410366
1629760000000,2021-08-24 00:00:00,BTC/USDT,49523.23,49888.88,47600,47719.36,19450210328,3585585
1629680000000,2021-08-23 00:00:00,BTC/USDT,49273.28,50600,49075.01,49523.91,17745733776,3345792
1629590000000,2021-08-22 00:00:00,BTC/USDT,48846.11,49556.2,48075.81,49273.28,14395479953,2925925
1629500000000,2021-08-21 00:00:00,BTC/USDT,49332.99,49833,48250,48848.29,17049427213,3387346
1629420000000,2021-08-20 00:00:00,BTC/USDT,46772,49500,46650,49332.74,19242378733,3984145
1629330000000,2021-08-19 00:00:00,BTC/USDT,44714.09,47100,43938.38,46772,19883402233,4289786
1629240000000,2021-08-18 00:00:00,BTC/USDT,44704.85,46050,44227.32,44714.09,17865646755,4068589
1629160000000,2021-08-17 00:00:00,BTC/USDT,45926.23,47194,44412.01,44704.84,21777823959,4617189
1629070000000,2021-08-16 00:00:00,BTC/USDT,47006.02,48074.23,45682.03,45926.23,19341043031,4045954
1628990000000,2021-08-15 00:00:00,BTC/USDT,47083.75,47388.75,45480,47006.02,17184325859,3856811
1628900000000,2021-08-14 00:00:00,BTC/USDT,47792.52,48300,46000,47083.74,17592436753,3874327
1628810000000,2021-08-13 00:00:00,BTC/USDT,44385.09,47980.69,44208.88,47792.52,20268188739,4397367
1628730000000,2021-08-12 00:00:00,BTC/USDT,45522.13,46226.67,43800,44385.09,21002449071,4731727
1628640000000,2021-08-11 00:00:00,BTC/USDT,45589.99,46754.27,45354,45522.12,18016171890,3948283
1628550000000,2021-08-10 00:00:00,BTC/USDT,46259.7,46800,44670.05,45589.99,20993395643,4679043
1628470000000,2021-08-09 00:00:00,BTC/USDT,43787.71,46483,42785,46259.7,28215980002,6262199
1628380000000,2021-08-08 00:00:00,BTC/USDT,44601.11,45350,43265,43787.71,24546996022,5639557
1628290000000,2021-08-07 00:00:00,BTC/USDT,42825.43,44753.01,42395.2,44601.11,25434912724,5973520
1628210000000,2021-08-06 00:00:00,BTC/USDT,40882.39,43400,39849.82,42825.43,27084444322,6108565
1628120000000,2021-08-05 00:00:00,BTC/USDT,39731.31,41350,37291,40882.4,29293280084,6512116
1628040000000,2021-08-04 00:00:00,BTC/USDT,38201.33,39975.32,37500,39731.31,18566815768,4413240
1627950000000,2021-08-03 00:00:00,BTC/USDT,39147.47,39774.93,37600,38203.26,19870811472,4801837
1627860000000,2021-08-02 00:00:00,BTC/USDT,39846.78,40450,38658,39147.48,17868768676,4318497
1627780000000,2021-08-01 00:00:00,BTC/USDT,41448.1,42614.98,39350.4,39846.78,20123271134,4662543
1627690000000,2021-07-31 00:00:00,BTC/USDT,42202.6,42494,41030.19,41448.11,15885174209,3846882
1627600000000,2021-07-30 00:00:00,BTC/USDT,40012.89,42316.6,38320,42203.25,22382077431,5291572
1627520000000,2021-07-29 00:00:00,BTC/USDT,40003.08,40665,39203.83,40012.9,18494873370,4559744
1627430000000,2021-07-28 00:00:00,BTC/USDT,39448.06,40894,38753,40003.08,29337785847,6959669
1627340000000,2021-07-27 00:00:00,BTC/USDT,37218.09,39546.34,36384.31,39442.33,25492243891,5881831
1627260000000,2021-07-26 00:00:00,BTC/USDT,35370.67,48168.6,35185.49,37218.09,44475672629,9156876
1627170000000,2021-07-25 00:00:00,BTC/USDT,34230,35400,33812,35370.66,13893942171,3362822
1627080000000,2021-07-24 00:00:00,BTC/USDT,33631.74,34471,33379.81,34230,12732082909,3121090
1627000000000,2021-07-23 00:00:00,BTC/USDT,32268.12,33650,31970.82,33634.46,13173247546,3284595
1626910000000,2021-07-22 00:00:00,BTC/USDT,32120,32583.48,31700,32268.11,12754500029,3291672
1626830000000,2021-07-21 00:00:00,BTC/USDT,29775.89,32883.9,29472.41,32120,24708991011,5398212
1626740000000,2021-07-20 00:00:00,BTC/USDT,30823.62,31050,29242.24,29775.9,17961608394,4318098
1626650000000,2021-07-19 00:00:00,BTC/USDT,31765.23,31890,30358.77,30823.62,15114690214,3696993
1626570000000,2021-07-18 00:00:00,BTC/USDT,31496.65,32435.93,31075.1,31767,13084053081,3159782
1626480000000,2021-07-17 00:00:00,BTC/USDT,31382.96,31945,31150.02,31496.65,13327067039,3259417
1626390000000,2021-07-16 00:00:00,BTC/USDT,31865.53,32245,31018.59,31382.95,16377889184,3914018
1626310000000,2021-07-15 00:00:00,BTC/USDT,32803,33170,31140,31866.43,17249306210,4036910
1626220000000,2021-07-14 00:00:00,BTC/USDT,32708.66,33176.47,31556.02,32803.01,16871855472,4012431
1626130000000,2021-07-13 00:00:00,BTC/USDT,33070.86,33336,32186.99,32709.09,15294563607,3656943
1626050000000,2021-07-12 00:00:00,BTC/USDT,34253.88,34662.73,32650,33070.87,16891641370,4018132
1625960000000,2021-07-11 00:00:00,BTC/USDT,33497.98,34629.62,33306.03,34253.81,11640701256,3000523
1625880000000,2021-07-10 00:00:00,BTC/USDT,33805.01,34248.58,33010,33497.98,13822726227,3501607
1625790000000,2021-07-09 00:00:00,BTC/USDT,32855,34100,32250,33805.01,16088319381,4150223
1625700000000,2021-07-08 00:00:00,BTC/USDT,33845.63,33910,32066,32852.04,21360817083,5260499
1625620000000,2021-07-07 00:00:00,BTC/USDT,34206,35089.56,33756.48,33845.64,15756590092,4023843
1625530000000,2021-07-06 00:00:00,BTC/USDT,33672.72,35120,33500,34206.01,22007603921,5169120
1625440000000,2021-07-05 00:00:00,BTC/USDT,35280.17,35281.55,33032,33672.72,25080538854,5192876
1625360000000,2021-07-04 00:00:00,BTC/USDT,34653.32,35955.55,34340.75,35280.16,15913944818,3486378
1625270000000,2021-07-03 00:00:00,BTC/USDT,33760.94,34948.16,33296.98,34652.94,17523073398,3994573
1625180000000,2021-07-02 00:00:00,BTC/USDT,33489.96,33960,32684,33760.94,22117194904,5408686
1625100000000,2021-07-01 00:00:00,BTC/USDT,35031.39,35044.98,32672.04,33489.96,25510026886,5725261
1625010000000,2021-06-30 00:00:00,BTC/USDT,35910.64,36089.96,34042.74,35031.39,25089717254,5747819
1624920000000,2021-06-29 00:00:00,BTC/USDT,34486.58,36623,34206,35911.26,28651151982,6564763
1624840000000,2021-06-28 00:00:00,BTC/USDT,34687.71,35279.38,33855,34487.22,24347802822,6016466
1624750000000,2021-06-27 00:00:00,BTC/USDT,32250.15,34762,31960,34687.71,29675701648,7266511
1624670000000,2021-06-26 00:00:00,BTC/USDT,31569.18,32720.52,30120,32255.56,34169368151,8830795
1624580000000,2021-06-25 00:00:00,BTC/USDT,34644.65,35500,31250,31568.07,36220815800,8575198
1624490000000,2021-06-24 00:00:00,BTC/USDT,33650,35406.74,32300,34644.64,26142284529,6393985
1624410000000,2021-06-23 00:00:00,BTC/USDT,32496,34867.77,31711.5,33649,32385728391,8005763
1624320000000,2021-06-22 00:00:00,BTC/USDT,31606,33274,28780.01,32496,48118035156,12592839
1624230000000,2021-06-21 00:00:00,BTC/USDT,35588.63,35746.28,31250.51,31606,45999742163,11529993
1624150000000,2021-06-20 00:00:00,BTC/USDT,35483.01,36155,33312,35588.64,28839255735,6811270
1624060000000,2021-06-19 00:00:00,BTC/USDT,35811.41,36471.8,34704.08,35483,22933053074,5504522
1623970000000,2021-06-18 00:00:00,BTC/USDT,38060.71,38198,35100,35811.41,29108720481,6722621
1623890000000,2021-06-17 00:00:00,BTC/USDT,38344.97,39565,37334.76,38060.71,23274089670,5362882
1623800000000,2021-06-16 00:00:00,BTC/USDT,40132.86,40495,38105,38344.97,26431149487,6317711
1623720000000,2021-06-15 00:00:00,BTC/USDT,40489.1,41413,39500,40132.86,25426404029,5854306
1623630000000,2021-06-14 00:00:00,BTC/USDT,38993.66,41000,38720,40489.1,28043323954,6811137
1623540000000,2021-06-13 00:00:00,BTC/USDT,35535.95,39374.18,34739.06,38993.65,23729185500,6085040
1623460000000,2021-06-12 00:00:00,BTC/USDT,37300.41,37432.95,34585.9,35537.05,22229082761,5782385
1623370000000,2021-06-11 00:00:00,BTC/USDT,36669.65,37679.54,35900,37300.42,21668792471,5557717
1623280000000,2021-06-10 00:00:00,BTC/USDT,37369.99,38489,35750,36669.66,29775084408,6960056
1623200000000,2021-06-09 00:00:00,BTC/USDT,33372.58,37511.31,32390,37368.45,36050659489,8470399
1623110000000,2021-06-08 00:00:00,BTC/USDT,33550.97,34061.57,30969,33372.58,31912200461,8000201
1623020000000,2021-06-07 00:00:00,BTC/USDT,35801.71,36820,33200,33550.96,22666564580,5458401
1622940000000,2021-06-06 00:00:00,BTC/USDT,35497.93,36521.16,35201.86,35801.71,15937978041,3944742
1622850000000,2021-06-05 00:00:00,BTC/USDT,36828.03,37900.49,34800,35498.62,22946553087,5611429
1622760000000,2021-06-04 00:00:00,BTC/USDT,39247.4,39297.35,35552.51,36828.03,25922946607,6025185
1622680000000,2021-06-03 00:00:00,BTC/USDT,37570,39470,37150.15,39247.4,19590443295,4505482
1622590000000,2021-06-02 00:00:00,BTC/USDT,36694.37,38232.99,35905,37569.99,16479965808,4080217
1622510000000,2021-06-01 00:00:00,BTC/USDT,37244.36,37893.76,35500,36693.41,21609364827,5297320
1622420000000,2021-05-31 00:00:00,BTC/USDT,35651.8,37500,34150,37243.38,22929964892,5580461
1622330000000,2021-05-30 00:00:00,BTC/USDT,34611.95,36501,33356,35651.81,18116421636,4973296
1622250000000,2021-05-29 00:00:00,BTC/USDT,35670.99,37375,33650,34611.94,25787790807,7000689
1622160000000,2021-05-28 00:00:00,BTC/USDT,38527.38,38888.35,34689.57,35670.99,30299787312,7510187
1622070000000,2021-05-27 00:00:00,BTC/USDT,39224.21,40438.82,37133.22,38527.38,21083767719,5251225
1621990000000,2021-05-26 00:00:00,BTC/USDT,38326.84,40900,37804.76,39224.2,22649858074,5587876
1621900000000,2021-05-25 00:00:00,BTC/USDT,38783.58,39790.05,36439.32,38326.84,22712004629,6334066
1621810000000,2021-05-24 00:00:00,BTC/USDT,34656.53,39917.09,34366,38779.66,26315302277,7477510
1621730000000,2021-05-23 00:00:00,BTC/USDT,37436,38261.71,31096.7,34651.6,34118866979,11641510
1621640000000,2021-05-22 00:00:00,BTC/USDT,37210.01,38851.34,35201.11,37432.58,21993863635,6992444
1621560000000,2021-05-21 00:00:00,BTC/USDT,40500,42270.42,33400,37211.02,35509680104,10769140
1621470000000,2021-05-20 00:00:00,BTC/USDT,36689.14,42460,34882,40500.3,30672617975,9532573
1621380000000,2021-05-19 00:00:00,BTC/USDT,42882.54,43615.93,28688,36689.14,52959873010,14748747
1621300000000,2021-05-18 00:00:00,BTC/USDT,43565.11,45846.61,42268,42882.53,25938880317,5914414
1621210000000,2021-05-17 00:00:00,BTC/USDT,46429.28,46655,42151,43566.18,35658317192,8158638
1621120000000,2021-05-16 00:00:00,BTC/USDT,46794.62,49829.39,43866,46429.28,28364127432,6085883
1621040000000,2021-05-15 00:00:00,BTC/USDT,49873.26,50709.43,46584.32,46793.41,21481317003,4479965
1620950000000,2021-05-14 00:00:00,BTC/USDT,49706.27,51533,48870.41,49873.27,16003223042,3217006
1620860000000,2021-05-13 00:00:00,BTC/USDT,49596.75,51358,45596.32,49707.9,32261339755,7526904
1620780000000,2021-05-12 00:00:00,BTC/USDT,56712.7,58049.99,48503.74,49595.76,25827757900,4959229
1620690000000,2021-05-11 00:00:00,BTC/USDT,55869.41,56908.66,54541.33,56710.43,14894271373,2884389
1620600000000,2021-05-10 00:00:00,BTC/USDT,58292.53,59654,53250,55869.67,22695249845,4094344
1620520000000,2021-05-09 00:00:00,BTC/USDT,58926.36,59335.19,56316,58292.53,14240035981,2634641
1620430000000,2021-05-08 00:00:00,BTC/USDT,57350.89,59590.96,56961.25,58924.98,15519326694,2983532
1620350000000,2021-05-07 00:00:00,BTC/USDT,56435.35,58800,55300,57350.88,14595837164,2804212
1620260000000,2021-05-06 00:00:00,BTC/USDT,57497.76,58450,55297.91,56435.35,15686629190,2863753
1620170000000,2021-05-05 00:00:00,BTC/USDT,53263.32,57940,52880.38,57497.77,17803582010,3168133
1620090000000,2021-05-04 00:00:00,BTC/USDT,57214.84,57253.76,53094.59,53263.32,21460954657,4022066
1620000000000,2021-05-03 00:00:00,BTC/USDT,56630.34,59056.59,56500.65,57214.83,15734811253,2777144
1619910000000,2021-05-02 00:00:00,BTC/USDT,57836.35,57959.97,56100,56630.33,11572672993,2158896
1619830000000,2021-05-01 00:00:00,BTC/USDT,57688.29,58488.17,57051.23,57836.34,12008585818,2169172
1619740000000,2021-04-30 00:00:00,BTC/USDT,53558.57,57935,53043.62,57684.16,16384605221,3019948
1619650000000,2021-04-29 00:00:00,BTC/USDT,54861.76,55222.02,52350,53558.8,13822718179,2688481
1619570000000,2021-04-28 00:00:00,BTC/USDT,55006.25,56574.13,53852,54861.77,14420430888,2888503
1619480000000,2021-04-27 00:00:00,BTC/USDT,53984.34,55500,53225.14,55006.25,12306057432,2477387
1619400000000,2021-04-26 00:00:00,BTC/USDT,49063.94,54364.89,48763,53984.33,20594394185,4041188
1619310000000,2021-04-25 00:00:00,BTC/USDT,50094.27,50577.9,46930.43,49063.94,15286993330,3435937
1619220000000,2021-04-24 00:00:00,BTC/USDT,51122.63,51183.51,48690,50092.4,14965045327,3282516
1619140000000,2021-04-23 00:00:00,BTC/USDT,51714.62,52152,47546.16,51122.62,27531602634,6054609
1619050000000,2021-04-22 00:00:00,BTC/USDT,53794.72,55470.51,50534.34,51714.61,24205456559,4873286
1618960000000,2021-04-21 00:00:00,BTC/USDT,56411.25,56756.78,53610,53800,13965417340,2845696
1618880000000,2021-04-20 00:00:00,BTC/USDT,55634.38,57060,53330.82,56410.56,17936263516,3582497
1618790000000,2021-04-19 00:00:00,BTC/USDT,56140.05,57532.7,54200,55634.39,15980367368,3236025
1618700000000,2021-04-18 00:00:00,BTC/USDT,60090.14,60450,50050,56140.05,29025717494,6123918
1618620000000,2021-04-17 00:00:00,BTC/USDT,61424.67,62610,59620,60090.14,11862499746,2207548
1618530000000,2021-04-16 00:00:00,BTC/USDT,63232.56,63600,60100,61424.67,15740427372,2804338
1618440000000,2021-04-15 00:00:00,BTC/USDT,63018.34,63905.83,62157.89,63232.55,11249310340,2024715
1618360000000,2021-04-14 00:00:00,BTC/USDT,63645.05,64986.11,61404,63019.1,20512671253,3346550
1618270000000,2021-04-13 00:00:00,BTC/USDT,59911.19,63850,59873.01,63649.71,17408986053,2892252
1618190000000,2021-04-12 00:00:00,BTC/USDT,60093.26,61449.91,59500,59911.18,11824507198,2141177
1618100000000,2021-04-11 00:00:00,BTC/USDT,59832.43,60816.88,59304.02,60090.2,8896497492,1746745
1618010000000,2021-04-10 00:00:00,BTC/USDT,58176.04,61800,57943.95,59832.43,14476191585,2568013
1617930000000,2021-04-09 00:00:00,BTC/USDT,58122.93,58950,57700,58176.03,8260112161,1631493
1617840000000,2021-04-08 00:00:00,BTC/USDT,56018.17,58200,55759.13,58122.26,9238696877,1886407
1617750000000,2021-04-07 00:00:00,BTC/USDT,58060,58720,55536.07,56018.18,15106714001,2888669
1617670000000,2021-04-06 00:00:00,BTC/USDT,59243.4,59626.18,57500,58059.99,9681501017,1949118
1617580000000,2021-04-05 00:00:00,BTC/USDT,58234.61,59385,56808.94,59243.39,10144751892,2011408
1617490000000,2021-04-04 00:00:00,BTC/USDT,57134.65,58553,56517.23,58234.61,8785593781,1778714
1617410000000,2021-04-03 00:00:00,BTC/USDT,59028.99,59925,56900,57134.65,11672141258,2247303
1617320000000,2021-04-02 00:00:00,BTC/USDT,58797.56,60397.85,58490.03,59031.36,11251166315,2130064
1617240000000,2021-04-01 00:00:00,BTC/USDT,58810.99,59592.22,58002,58794.01,11561694923,2133428
1617150000000,2021-03-31 00:00:00,BTC/USDT,58794.17,59920,56812,58807.24,19776038992,3429371
1617060000000,2021-03-30 00:00:00,BTC/USDT,57676.14,59560,57110,58794.16,13629362092,2568718
1616980000000,2021-03-29 00:00:00,BTC/USDT,55804.16,58490.11,54931.15,57677.64,15858571873,3043409
1616890000000,2021-03-28 00:00:00,BTC/USDT,55828,56588.31,54694.91,55805.08,11188756873,2260517
1616800000000,2021-03-27 00:00:00,BTC/USDT,55030,56658.76,54001,55828,12939134316,2589316
1616720000000,2021-03-26 00:00:00,BTC/USDT,51325.21,55123,51260,55030,14483003308,2948225
1616630000000,2021-03-25 00:00:00,BTC/USDT,52307.89,53255.2,50452.08,51325.21,21627711387,4302154
1616540000000,2021-03-24 00:00:00,BTC/USDT,54400,57234.79,51666,52311.54,21637316949,4140709
1616460000000,2021-03-23 00:00:00,BTC/USDT,54129.56,55890.68,52981.4,54400,15088688823,3202573
1616370000000,2021-03-22 00:00:00,BTC/USDT,57415.19,58500,53635.81,54129.56,16556509290,3557593
1616280000000,2021-03-21 00:00:00,BTC/USDT,58144.44,58638.7,55403.55,57415.18,13576194107,2940088
1616200000000,2021-03-20 00:00:00,BTC/USDT,58089.11,59948,57881,58145.61,12000524069,2543381
1616110000000,2021-03-19 00:00:00,BTC/USDT,57700.01,59550,56301.27,58089.11,15107378224,3136922
1616030000000,2021-03-18 00:00:00,BTC/USDT,58959.01,60510,57072,57700.01,17876750421,3505186
1615940000000,2021-03-17 00:00:00,BTC/USDT,56953.23,59078.79,54154.93,58959,19076274045,3916228
1615850000000,2021-03-16 00:00:00,BTC/USDT,55646.61,56988,53335,56954.19,18756792660,4041818
1615770000000,2021-03-15 00:00:00,BTC/USDT,59037.11,60740,54517.28,55646.61,25683051452,4839296
1615680000000,2021-03-14 00:00:00,BTC/USDT,61267.41,61798,59005,59037.12,14012489135,2783273
1615590000000,2021-03-13 00:00:00,BTC/USDT,57291.04,61950,56136,61267.41,18993462517,3901445
1615510000000,2021-03-12 00:00:00,BTC/USDT,57842.64,58186.33,55074.3,57291.03,19043301949,4054963
1615420000000,2021-03-11 00:00:00,BTC/USDT,55949.3,58283,54356.44,57844.52,20569039537,4355363
1615330000000,2021-03-10 00:00:00,BTC/USDT,54917.78,57500.92,53061,55947.98,22279865577,4457083
1615250000000,2021-03-09 00:00:00,BTC/USDT,52429.43,54950,51880,54917.78,15409273884,3312320
1615160000000,2021-03-08 00:00:00,BTC/USDT,50991.35,52450,49310,52429.43,15655716339,3279581
1615080000000,2021-03-07 00:00:00,BTC/USDT,48908.21,51480,48908.21,50995.27,12500440245,2883079
1614990000000,2021-03-06 00:00:00,BTC/USDT,48772.68,49253.63,47090,48908.21,10381734354,2557063
1614900000000,2021-03-05 00:00:00,BTC/USDT,48385.77,49470,46320,48770.57,16912469979,3864290
1614820000000,2021-03-04 00:00:00,BTC/USDT,50373.75,51800,47500,48385.77,19138827121,4199301
1614730000000,2021-03-03 00:00:00,BTC/USDT,48454.21,52681.51,48110.66,50373.75,17795826816,3781970
1614640000000,2021-03-02 00:00:00,BTC/USDT,49594.99,50221.77,47058.06,48450.57,13251422043,2970983
1614560000000,2021-03-01 00:00:00,BTC/USDT,45162.64,49800,44972.49,49592.7,15061638936,3611436
1614470000000,2021-02-28 00:00:00,BTC/USDT,46097.09,46678,43002.05,45163.36,16549302263,4080209
1614380000000,2021-02-27 00:00:00,BTC/USDT,46313.12,48476.05,44926.77,46102.63,12038528819,2956397
1614300000000,2021-02-26 00:00:00,BTC/USDT,47087.97,48438.01,44100,46313.13,20499678357,4687978
1614210000000,2021-02-25 00:00:00,BTC/USDT,49702.05,52134.96,46685.43,47089.37,17447887800,3922104
1614120000000,2021-02-24 00:00:00,BTC/USDT,48930.01,51435.58,47000,49702.03,16590055729,3748411
1614040000000,2021-02-23 00:00:00,BTC/USDT,54125.55,54260.12,44893.82,48930,36297078765,8009736
1613950000000,2021-02-22 00:00:00,BTC/USDT,57475.5,57591.87,47751.42,54121.1,25951996710,4903878
1613870000000,2021-02-21 00:00:00,BTC/USDT,55908.45,58472.14,55564.5,57487.43,11254047091,2277504
1613780000000,2021-02-20 00:00:00,BTC/USDT,56005.85,57699,53905,55917.41,13529409885,2830372
1613690000000,2021-02-19 00:00:00,BTC/USDT,51612.46,56582,50800,56004.1,13784775686,2913704
1613610000000,2021-02-18 00:00:00,BTC/USDT,52194.62,52640,50948,51619.7,9627115934,2199927
1613520000000,2021-02-17 00:00:00,BTC/USDT,49197.93,52800,49029.62,52194.62,15897490859,3332737
1613430000000,2021-02-16 00:00:00,BTC/USDT,47981.6,50953.44,47101.02,49197.94,16865499630,3477742
1613350000000,2021-02-15 00:00:00,BTC/USDT,48655.21,49100,45349.21,47981.58,11872149327,2721739
1613260000000,2021-02-14 00:00:00,BTC/USDT,47221.63,49875.16,47093.16,48655.21,11797051403,2598883
1613170000000,2021-02-13 00:00:00,BTC/USDT,47364,48290,46252.1,47221.62,9438075938,2253613
1613090000000,2021-02-12 00:00:00,BTC/USDT,48060.21,49278.98,46121,47361.03,12341281000,2862051
1613000000000,2021-02-11 00:00:00,BTC/USDT,44850,48810,44038.97,48060.21,15468624716,3326357
1612920000000,2021-02-10 00:00:00,BTC/USDT,46492.53,47475,43770,44850,15286260788,3259151
1612830000000,2021-02-09 00:00:00,BTC/USDT,46451.32,48266.36,45057.65,46492.54,17820342807,3957333
1612740000000,2021-02-08 00:00:00,BTC/USDT,38849.24,47146,38037,46451.32,18769855155,4374347
1612660000000,2021-02-07 00:00:00,BTC/USDT,39249.53,39757.87,37403.27,38849.25,11466152233,2896234
1612570000000,2021-02-06 00:00:00,BTC/USDT,38357.17,40992.4,38269,39249.54,12369698321,3050313
1612480000000,2021-02-05 00:00:00,BTC/USDT,36975.19,38411.82,36586.68,38362.65,7395595525,2144343
1612400000000,2021-02-04 00:00:00,BTC/USDT,37651.92,38833,36233,36976.93,11507154016,2825262
1612310000000,2021-02-03 00:00:00,BTC/USDT,35504.07,37700,35410,37652.51,8788925455,2331826
1612220000000,2021-02-02 00:00:00,BTC/USDT,33546.08,36041,33450,35504.06,8364687573,2345193
1612140000000,2021-02-01 00:00:00,BTC/USDT,33125.11,34720,32322.47,33546.09,8121385637,2421173
1612050000000,2021-01-31 00:00:00,BTC/USDT,34284.76,34393.22,32193.04,33126.21,7052326919,2233259
1611960000000,2021-01-30 00:00:00,BTC/USDT,34267.04,34988.88,32849.06,34289.85,9109013883,2754794
1611880000000,2021-01-29 00:00:00,BTC/USDT,33399.99,38641.1,31960,34269.35,25293550972,5920737
1611790000000,2021-01-28 00:00:00,BTC/USDT,30382.96,33778.95,29843.33,33399.75,9909261735,2824829
1611710000000,2021-01-27 00:00:00,BTC/USDT,32474.81,32562.2,29240,30381.04,13269633441,3665833
1611620000000,2021-01-26 00:00:00,BTC/USDT,32253.68,32950,30810,32474.14,11060562208,3088089
1611530000000,2021-01-25 00:00:00,BTC/USDT,32274.88,34880,31921.47,32253.68,10588161979,2871028
1611450000000,2021-01-24 00:00:00,BTC/USDT,32086.48,33125.75,30914.2,32275.63,6824806447,2205550
1611360000000,2021-01-23 00:00:00,BTC/USDT,32990.08,33495,31405,32086.48,8300485557,2533905
1611270000000,2021-01-22 00:00:00,BTC/USDT,30875.77,33831.52,28880,32986.34,14265924157,4072699
1611190000000,2021-01-21 00:00:00,BTC/USDT,35499.23,35636.17,30069.9,30879.97,17863845664,4767974
1611100000000,2021-01-20 00:00:00,BTC/USDT,35891.74,36461.44,33403,35500,11521126166,3069181
1611010000000,2021-01-19 00:00:00,BTC/USDT,36690,37961,35850,35891.03,9530202433,2463060
1610930000000,2021-01-18 00:00:00,BTC/USDT,35875.72,37547.94,34808.47,36686.86,9167208120,2509593
1610840000000,2021-01-17 00:00:00,BTC/USDT,36025.65,36898,33863.5,35869.83,10206002445,2832554
1610760000000,2021-01-16 00:00:00,BTC/USDT,36755.25,38000,35366,36025.66,11103654690,3011057
1610670000000,2021-01-15 00:00:00,BTC/USDT,39163.31,39790,34478,36755.24,16148530126,4212641
1610580000000,2021-01-14 00:00:00,BTC/USDT,37416.34,40189.39,36764.33,39163.31,13663753723,3501513
1610500000000,2021-01-13 00:00:00,BTC/USDT,34065.53,37880,32420,37421.07,13803091615,3801367
1610410000000,2021-01-12 00:00:00,BTC/USDT,35406.92,36693.44,32600,34056.9,15590695939,4292644
1610320000000,2021-01-11 00:00:00,BTC/USDT,38200.01,38322.18,30448,35408.46,30742156595,7483656
1610240000000,2021-01-10 00:00:00,BTC/USDT,40136.05,41412.12,35268,38221.67,17027093435,3699058
1610150000000,2021-01-09 00:00:00,BTC/USDT,40638.91,41539.88,38733.28,40136.04,10520523013,2489926
1610060000000,2021-01-08 00:00:00,BTC/USDT,39498.32,42125.51,36539.77,40637.23,20667265854,4247011
1609980000000,2021-01-07 00:00:00,BTC/USDT,36825.77,40565.62,36337.36,39498.92,19955559505,3936708
1609890000000,2021-01-06 00:00:00,BTC/USDT,33999.51,37037.51,33356.46,36823.68,15515216052,3343780
1609800000000,2021-01-05 00:00:00,BTC/USDT,32029.55,34500,29900,33999.52,13959353459,3077140
1609720000000,2021-01-04 00:00:00,BTC/USDT,33053.93,33653.56,27800,32031.07,15879195836,3470951
1609630000000,2021-01-03 00:00:00,BTC/USDT,32198.41,34832.25,32000.02,33054.53,16389111412,3325307
1609550000000,2021-01-02 00:00:00,BTC/USDT,29337.15,33480,28958.24,32199.91,17122938615,3514545
1609460000000,2021-01-01 00:00:00,BTC/USDT,28948.19,29668.86,28627.12,29337.16,6157505024,1511793
1609370000000,2020-12-31 00:00:00,BTC/USDT,28906.99,29376.7,27848,28951.68,9030623930,2151517
1609290000000,2020-12-30 00:00:00,BTC/USDT,27402.83,29063.72,27401,28906.99,10558400367,2363568
1609200000000,2020-12-29 00:00:00,BTC/USDT,27101.45,27441.73,25913.01,27402.83,6956813210,1833178
1609110000000,2020-12-28 00:00:00,BTC/USDT,26301.76,27538.82,26117.1,27102.66,7224208282,1946973
1609030000000,2020-12-27 00:00:00,BTC/USDT,26508.84,28459.84,25850,26305.64,14678578952,3325654
1608940000000,2020-12-26 00:00:00,BTC/USDT,24729.99,26926,24507.24,26508.83,9382122680,2300815
1608850000000,2020-12-25 00:00:00,BTC/USDT,23738.75,24827.64,23450,24730,6874550223,1821407
1608770000000,2020-12-24 00:00:00,BTC/USDT,23237.73,23819.81,22700,23737.44,5517917922,1532684
1608680000000,2020-12-23 00:00:00,BTC/USDT,23826.74,24235.42,22572.52,23238.27,9276578417,2386530
1608600000000,2020-12-22 00:00:00,BTC/USDT,22736.05,23850,22387,23826.99,7526843284,1923785
1608510000000,2020-12-21 00:00:00,BTC/USDT,23472.96,24145,21920,22730.1,11000495257,2612726
1608420000000,2020-12-20 00:00:00,BTC/USDT,23847.28,24376,23076.25,23472.96,7612660738,1951223
1608340000000,2020-12-19 00:00:00,BTC/USDT,23124.35,24281.61,22735.81,23847.28,7938307874,1930474
1608250000000,2020-12-18 00:00:00,BTC/USDT,22816.99,23330,22363.94,23124.35,7000308999,1812455
1608160000000,2020-12-17 00:00:00,BTC/USDT,21346.81,23888.04,21231.5,22816.99,18707295908,4179029
1608080000000,2020-12-16 00:00:00,BTC/USDT,19424.9,21600,19274.55,21346.8,9357131524,2298208
1607990000000,2020-12-15 00:00:00,BTC/USDT,19270.71,19598,19039.64,19424.91,4809598930,1313847
1607900000000,2020-12-14 00:00:00,BTC/USDT,19175.06,19355.35,19004.72,19270.7,3480597165,1063827
1607820000000,2020-12-13 00:00:00,BTC/USDT,18800,19432,18705.46,19175.07,4594353525,1182585
1607730000000,2020-12-12 00:00:00,BTC/USDT,18031.71,18950,18012.21,18800,3641762063,1080853
1607640000000,2020-12-11 00:00:00,BTC/USDT,18254,18290.44,17555,18031.47,5689740184,1563578
1607560000000,2020-12-10 00:00:00,BTC/USDT,18537.97,18550,17916,18253.51,4271592591,1241586
1607470000000,2020-12-09 00:00:00,BTC/USDT,18319.33,18639.7,17650,18537.98,6424799134,1673883
1607390000000,2020-12-08 00:00:00,BTC/USDT,19172.87,19319.38,18133.33,18319.32,5279747287,1351027
1607300000000,2020-12-07 00:00:00,BTC/USDT,19375,19446.36,18908.66,19172.88,3249551714,926894
1607210000000,2020-12-06 00:00:00,BTC/USDT,19147.63,19449.1,18855.35,19375.02,3370639869,943780
1607130000000,2020-12-05 00:00:00,BTC/USDT,18662.72,19203.46,18510,19147.62,3145507861,946103
1607040000000,2020-12-04 00:00:00,BTC/USDT,19432.66,19537.16,18570,18664.2,5260370304,1376095
1606950000000,2020-12-03 00:00:00,BTC/USDT,19207.01,19640,18865,19434.3,4724323629,1272309
1606870000000,2020-12-02 00:00:00,BTC/USDT,18770.33,19365,18329.58,19207.01,6352815849,1606530
1606780000000,2020-12-01 00:00:00,BTC/USDT,19722.09,19956,18050,18772.7,10601482195,2558348
1606690000000,2020-11-30 00:00:00,BTC/USDT,18180.43,19944,18178.82,19720,9568806967,2089768
1606610000000,2020-11-29 00:00:00,BTC/USDT,17717.74,18343,17523,18181.09,4609730542,1125785
1606520000000,2020-11-28 00:00:00,BTC/USDT,17144.11,17880,16865.78,17717.74,4666900540,1129925
1606440000000,2020-11-27 00:00:00,BTC/USDT,17155.37,17465,16444.83,17144.1,6748491428,1639548
1606350000000,2020-11-26 00:00:00,BTC/USDT,18741.66,18940.69,16181,17155.34,14698559977,3571835
1606260000000,2020-11-25 00:00:00,BTC/USDT,19178.53,19554.19,18509.12,18741.67,8117262498,1821978
1606180000000,2020-11-24 00:00:00,BTC/USDT,18382.07,19440,18000,19179.64,9042446486,2009567
1606090000000,2020-11-23 00:00:00,BTC/USDT,18434.17,18812.65,18013.97,18382.07,6718716198,1558298
1606000000000,2020-11-22 00:00:00,BTC/USDT,18721.99,18780,17645.98,18435.2,6856294688,1611056
1605920000000,2020-11-21 00:00:00,BTC/USDT,18662.85,18986,18302.08,18721.99,6408035133,1467289
1605830000000,2020-11-20 00:00:00,BTC/USDT,17811.68,18831.6,17748.92,18664.31,7497709363,1699255
1605740000000,2020-11-19 00:00:00,BTC/USDT,17788.32,18200,17347.27,17811.68,7243709977,1642647
1605660000000,2020-11-18 00:00:00,BTC/USDT,17670.01,18520,17215.03,17788.32,13108477651,2750334
1605570000000,2020-11-17 00:00:00,BTC/USDT,16707,17890.1,16550,17670.01,9050160241,2012288
1605480000000,2020-11-16 00:00:00,BTC/USDT,15951.93,16882,15862,16707.07,5627638531,1452989
1605400000000,2020-11-15 00:00:00,BTC/USDT,16064.51,16161.23,15768,15952.27,3359401680,1160914
1605310000000,2020-11-14 00:00:00,BTC/USDT,16320.54,16326.82,15700,16064.51,4251500068,1235238
1605230000000,2020-11-13 00:00:00,BTC/USDT,16289.01,16479.99,15955.6,16320.54,4984405299,1405591
1605140000000,2020-11-12 00:00:00,BTC/USDT,15690.24,16345,15437.7,16289.02,7523910249,1927371
1605050000000,2020-11-11 00:00:00,BTC/USDT,15294.68,16000,15274.89,15690.24,5177231131,1387218
1604970000000,2020-11-10 00:00:00,BTC/USDT,15328.72,15474.17,15071,15294.68,3732294398,1109192
1604880000000,2020-11-09 00:00:00,BTC/USDT,15473.2,15869,14822,15328.72,7271506166,1801578
1604790000000,2020-11-08 00:00:00,BTC/USDT,14824.33,15678,14710,15473.2,4428801811,1188596
1604710000000,2020-11-07 00:00:00,BTC/USDT,15590.95,15774,14350,14824.34,6921481478,1783469
1604620000000,2020-11-06 00:00:00,BTC/USDT,15598.74,15984.2,15177,15590.96,8719764933,2067927
1604530000000,2020-11-05 00:00:00,BTC/USDT,14134.32,15777,14088.01,15598.75,10661964053,2418730
1604450000000,2020-11-04 00:00:00,BTC/USDT,14016.55,14280,13512,14134.31,6269163704,1677175
1604360000000,2020-11-03 00:00:00,BTC/USDT,13541.55,14070,13276.33,14016.55,4748953992,1303446
1604280000000,2020-11-02 00:00:00,BTC/USDT,13752.87,13823.75,13195,13540.54,4433952125,1222326
1604190000000,2020-11-01 00:00:00,BTC/USDT,13783.73,13891.52,13605.9,13752.86,2727415104,885249
1604100000000,2020-10-31 00:00:00,BTC/USDT,13549.12,14140,13403.36,13783.73,4923864621,1344037
1604020000000,2020-10-30 00:00:00,BTC/USDT,13446.65,13665.65,13100,13549.12,4684549159,1245765
1603930000000,2020-10-29 00:00:00,BTC/USDT,13255.79,13637.22,12965,13446.65,4735209656,1247634
1603840000000,2020-10-28 00:00:00,BTC/USDT,13629.89,13863,12876,13256.17,6377260018,1564676
1603760000000,2020-10-27 00:00:00,BTC/USDT,13047.24,13787.83,13041.3,13629.38,5533418977,1299183
1603670000000,2020-10-26 00:00:00,BTC/USDT,13024.21,13240,12729,13047.24,4121218763,1105825
1603580000000,2020-10-25 00:00:00,BTC/USDT,13110.88,13369,12715,13023.81,2690867876,889235
1603500000000,2020-10-24 00:00:00,BTC/USDT,12925.82,13177.59,12871.07,13110.88,2296046389,801400
1603410000000,2020-10-23 00:00:00,BTC/USDT,12970.39,13043,12725.04,12925.82,3059965868,897416
1603320000000,2020-10-22 00:00:00,BTC/USDT,12796.06,13188.27,12675.5,12968.87,4448237306,1232587
1603240000000,2020-10-21 00:00:00,BTC/USDT,11900.03,13240,11876,12796.07,7435850475,1870576
1603150000000,2020-10-20 00:00:00,BTC/USDT,11744.99,12045.78,11673,11900.03,3710691439,1059398
1603070000000,2020-10-19 00:00:00,BTC/USDT,11501.5,11830,11404.01,11745,2677138465,770332
1602980000000,2020-10-18 00:00:00,BTC/USDT,11356.25,11529.93,11342.54,11501.1,1056889046,444193
1602890000000,2020-10-17 00:00:00,BTC/USDT,11319.51,11424.09,11250,11356.25,1086838512,459443
1602810000000,2020-10-16 00:00:00,BTC/USDT,11502,11538.92,11175,11318.92,2406176539,725825
1602720000000,2020-10-15 00:00:00,BTC/USDT,11417.12,11649.48,11250,11502,2455108609,768321
1602630000000,2020-10-14 00:00:00,BTC/USDT,11419.36,11550,11280.5,11417.13,2198967088,694620
1602550000000,2020-10-13 00:00:00,BTC/USDT,11530.37,11562,11308,11419.36,2276664144,693780
1602460000000,2020-10-12 00:00:00,BTC/USDT,11369.59,11732,11157,11530.36,2913019650,781051
1602370000000,2020-10-11 00:00:00,BTC/USDT,11294.78,11450.73,11273.77,11369.59,1662984691,587941
1602290000000,2020-10-10 00:00:00,BTC/USDT,11050.46,11494,11050.46,11294.79,2259937271,731572
1602200000000,2020-10-09 00:00:00,BTC/USDT,10919.45,11110,10818.44,11050.47,1697348174,640685
1602120000000,2020-10-08 00:00:00,BTC/USDT,10658.75,10958,10523,10919.45,2236764143,754390
1602030000000,2020-10-07 00:00:00,BTC/USDT,10593.65,10675,10540.29,10658.75,1132125131,502888
1601940000000,2020-10-06 00:00:00,BTC/USDT,10784.99,10792,10510.66,10593.65,1971152605,699471
1601860000000,2020-10-05 00:00:00,BTC/USDT,10660.16,10792,10608.9,10785,1397359153,593867
1601770000000,2020-10-04 00:00:00,BTC/USDT,10537.96,10694,10514,10660.16,964435994.4,492034
1601680000000,2020-10-03 00:00:00,BTC/USDT,10565.44,10596,10491.11,10537.96,804408980.9,434460
1601600000000,2020-10-02 00:00:00,BTC/USDT,10612.62,10660,10371.03,10565.15,2359977989,764820
1601510000000,2020-10-01 00:00:00,BTC/USDT,10773,10935.14,10442,10612.63,2711075915,794540
1601420000000,2020-09-30 00:00:00,BTC/USDT,10836.99,10845.99,10660.05,10773,1425790132,527339
1601340000000,2020-09-29 00:00:00,BTC/USDT,10691.94,10863.94,10631.49,10836.98,1575829645,560608
1601250000000,2020-09-28 00:00:00,BTC/USDT,10768,11024,10627.19,10691.45,2031385663,652011
1601160000000,2020-09-27 00:00:00,BTC/USDT,10726.5,10793.5,10584,10768,1321161006,540964
1601080000000,2020-09-26 00:00:00,BTC/USDT,10683.5,10827.8,10642.23,10726.5,1171569532,553316
1600990000000,2020-09-25 00:00:00,BTC/USDT,10724.91,10754.29,10551.56,10683.51,1820637897,658581
1600910000000,2020-09-24 00:00:00,BTC/USDT,10237.91,10837.27,10191,10724.92,2535999234,849084
1600820000000,2020-09-23 00:00:00,BTC/USDT,10523.32,10531.94,10132.21,10237.91,2106120079,718731
1600730000000,2020-09-22 00:00:00,BTC/USDT,10414.73,10574.08,10353.1,10523.32,1881975169,628666
1600650000000,2020-09-21 00:00:00,BTC/USDT,10915.52,10980.69,10281,10414.73,3533611851,1017541
1600560000000,2020-09-20 00:00:00,BTC/USDT,11073.2,11073.9,10751,10914.28,1639131152,556991
1600470000000,2020-09-19 00:00:00,BTC/USDT,10926.3,11177,10880,11073.74,1391945358,537084
1600390000000,2020-09-18 00:00:00,BTC/USDT,10935.97,11035,10810.1,10926.29,1484796958,548421
1600300000000,2020-09-17 00:00:00,BTC/USDT,10948.16,11040,10740,10935.33,2027994176,658642
1600210000000,2020-09-16 00:00:00,BTC/USDT,10776.88,11089.08,10661.9,10948.17,2756781832,840472
1600130000000,2020-09-15 00:00:00,BTC/USDT,10664.1,10923.42,10592,10776.78,2669470467,786180
1600040000000,2020-09-14 00:00:00,BTC/USDT,10327.72,10746.06,10241.57,10664.1,2162656995,713135
1599960000000,2020-09-13 00:00:00,BTC/USDT,10438.29,10580,10209.01,10327.72,1649859123,556241
1599870000000,2020-09-12 00:00:00,BTC/USDT,10387.81,10477.7,10271,10438.28,1010752221,438259
1599780000000,2020-09-11 00:00:00,BTC/USDT,10335.91,10397.85,10200.8,10387.81,1399304759,541085
1599700000000,2020-09-10 00:00:00,BTC/USDT,10219.29,10484.6,10211.67,10335.91,1940858757,688022
1599610000000,2020-09-09 00:00:00,BTC/USDT,10130,10346,9981.13,10219.29,1540063640,640882
1599520000000,2020-09-08 00:00:00,BTC/USDT,10379.3,10443.79,9842.01,10129.02,3206824299,1173460
1599440000000,2020-09-07 00:00:00,BTC/USDT,10258.13,10420.55,9879.68,10378.76,2616187382,969133
1599350000000,2020-09-06 00:00:00,BTC/USDT,10168.23,10348.97,10003,10258.13,1939661678,771859
1599260000000,2020-09-05 00:00:00,BTC/USDT,10448,10567.87,9808.58,10168.71,4069494000,1315104
1599180000000,2020-09-04 00:00:00,BTC/USDT,10141.4,10635.77,9878.65,10448,4473051197,1249839
1599090000000,2020-09-03 00:00:00,BTC/USDT,11396.44,11475,9901.16,10141.08,5277899021,1372974
1599000000000,2020-09-02 00:00:00,BTC/USDT,11930.17,11961,11156,11396.96,3230818460,905753
1598920000000,2020-09-01 00:00:00,BTC/USDT,11658.11,12061.07,11531.34,11930.18,2514017351,688502
1598830000000,2020-08-31 00:00:00,BTC/USDT,11714.13,11784.21,11575.78,11658.11,1487504145,479728
1598750000000,2020-08-30 00:00:00,BTC/USDT,11466.27,11724.12,11457.88,11714.14,1316261373,432138
1598660000000,2020-08-29 00:00:00,BTC/USDT,11526.85,11582,11419.34,11466.66,962840624.1,363971
1598570000000,2020-08-28 00:00:00,BTC/USDT,11335.83,11544.88,11283.19,11526.85,1481017952,540434
1598490000000,2020-08-27 00:00:00,BTC/USDT,11466.22,11593,11130.82,11335.53,2880004202,836864
1598400000000,2020-08-26 00:00:00,BTC/USDT,11327.18,11548.68,11255.95,11466.22,1941776560,589715
1598310000000,2020-08-25 00:00:00,BTC/USDT,11753.29,11770,11130,11327.17,3057706453,857056
1598230000000,2020-08-24 00:00:00,BTC/USDT,11654,11831.96,11595,11753.3,1277174864,483641
1598140000000,2020-08-23 00:00:00,BTC/USDT,11670.48,11724,11522.15,11654,1111234523,435619
1598050000000,2020-08-22 00:00:00,BTC/USDT,11538.53,11689.08,11385.06,11670.47,1462044717,523937
1597970000000,2020-08-21 00:00:00,BTC/USDT,11858.53,11882.68,11491,11538.53,2282701562,736783
1597880000000,2020-08-20 00:00:00,BTC/USDT,11763.88,11888,11676.03,11857.92,1544542409,543754
1597800000000,2020-08-19 00:00:00,BTC/USDT,11962.03,12037.05,11574.78,11763.87,3688115094,1046341
1597710000000,2020-08-18 00:00:00,BTC/USDT,12298.06,12403,11810,11960.79,3529402333,981973
1597620000000,2020-08-17 00:00:00,BTC/USDT,11921.32,12499.42,11780,12298.06,4026216925,1161367
1597540000000,2020-08-16 00:00:00,BTC/USDT,11858.91,11945,11688,11921.23,1962706567,639729
1597450000000,2020-08-15 00:00:00,BTC/USDT,11767.89,11993.58,11682,11859.04,2639621485,785891
1597360000000,2020-08-14 00:00:00,BTC/USDT,11790,11868.42,11644.6,11767.89,1869288349,584032
1597280000000,2020-08-13 00:00:00,BTC/USDT,11568.37,11798,11272,11790,2865188931,885018
1597190000000,2020-08-12 00:00:00,BTC/USDT,11392.64,11630,11140,11568.36,2446503850,757273
1597100000000,2020-08-11 00:00:00,BTC/USDT,11896.86,11944,11127,11392.64,3881574731,1084362
1597020000000,2020-08-10 00:00:00,BTC/USDT,11685.99,12100,11384.9,11896.89,3447830046,911232
1596930000000,2020-08-09 00:00:00,BTC/USDT,11765.72,11811,11526.9,11685.99,1462717951,506961
1596840000000,2020-08-08 00:00:00,BTC/USDT,11596.26,11819,11513.69,11765.72,1808155551,578295
1596760000000,2020-08-07 00:00:00,BTC/USDT,11769.97,11920,11318.93,11596.06,3191651681,861575
1596670000000,2020-08-06 00:00:00,BTC/USDT,11752.5,11916.02,11571.78,11770.56,2782205258,701917
1596590000000,2020-08-05 00:00:00,BTC/USDT,11200.06,11798.56,11103,11752.5,3037923803,770746
1596500000000,2020-08-04 00:00:00,BTC/USDT,11227.07,11427.38,11025,11200.05,2245992629,628935
1596410000000,2020-08-03 00:00:00,BTC/USDT,11080.7,11483,10923,11227.07,2689651527,698614
1596330000000,2020-08-02 00:00:00,BTC/USDT,11811.43,12154.25,10490,11079.72,5584559651,1353476
1596240000000,2020-08-01 00:00:00,BTC/USDT,11343.67,11887.45,11201,11811.42,4493961579,1058421
1596150000000,2020-07-31 00:00:00,BTC/USDT,11111.97,11450.42,10971.78,11343.68,3455848822,843301
1596070000000,2020-07-30 00:00:00,BTC/USDT,11113.01,11195.52,10826.55,11111.96,2540930685,705335
1595980000000,2020-07-29 00:00:00,BTC/USDT,10919.94,11364.8,10844.34,11113.03,3965422425,1016186
1595890000000,2020-07-28 00:00:00,BTC/USDT,11047.58,11270,10580,10919.94,5481417616,1527878
1595810000000,2020-07-27 00:00:00,BTC/USDT,9939.68,11488,9928.61,11047.58,7891956950,2085818
1595720000000,2020-07-26 00:00:00,BTC/USDT,9701.54,10300,9655.2,9939.69,2598998009,811567
1595640000000,2020-07-25 00:00:00,BTC/USDT,9539.7,9735.1,9526.31,9701.49,1284993355,517523
1595550000000,2020-07-24 00:00:00,BTC/USDT,9604.41,9650,9470,9539.7,1279232339,531836
1595460000000,2020-07-23 00:00:00,BTC/USDT,9518.25,9678.32,9439.86,9604.41,1593882469,566970
1595380000000,2020-07-22 00:00:00,BTC/USDT,9388,9543,9272,9518.25,1189260919,417994
1595290000000,2020-07-21 00:00:00,BTC/USDT,9161.28,9439.6,9152.62,9388.01,1671206200,515483
1595200000000,2020-07-20 00:00:00,BTC/USDT,9210.68,9221,9131.01,9161.13,664469650.8,245657
1595120000000,2020-07-19 00:00:00,BTC/USDT,9171.79,9239.59,9108,9210.51,692144095.4,243001
1595030000000,2020-07-18 00:00:00,BTC/USDT,9151.7,9210,9121.98,9171.8,579542001.4,206354
1594940000000,2020-07-17 00:00:00,BTC/USDT,9132,9187,9087,9151.69,739789769.3,244169
1594860000000,2020-07-16 00:00:00,BTC/USDT,9197.75,9223,9044.02,9132,1350809171,402299
1594770000000,2020-07-15 00:00:00,BTC/USDT,9254.17,9272.56,9156,9197.3,959516024.2,307679
1594680000000,2020-07-14 00:00:00,BTC/USDT,9241.18,9279,9116,9254.17,1194751478,381121
1594600000000,2020-07-13 00:00:00,BTC/USDT,9300.7,9345,9200,9241.2,1262652034,407784
1594510000000,2020-07-12 00:00:00,BTC/USDT,9233.5,9349,9155,9300.69,1182491577,369869
1594430000000,2020-07-11 00:00:00,BTC/USDT,9288.39,9301.74,9178.91,9233.5,692340842.1,268041
1594340000000,2020-07-10 00:00:00,BTC/USDT,9236.29,9317.24,9121.42,9288.39,1295681630,418173
1594250000000,2020-07-09 00:00:00,BTC/USDT,9436.08,9440.81,9164.33,9236.28,1751622435,526694
1594170000000,2020-07-08 00:00:00,BTC/USDT,9258.51,9470,9233.47,9436.08,1594244760,503111
1594080000000,2020-07-07 00:00:00,BTC/USDT,9339.59,9380,9201.23,9258.51,1184876084,405928
1593990000000,2020-07-06 00:00:00,BTC/USDT,9071.87,9379,9058.1,9339.6,1843703742,543847
1593910000000,2020-07-05 00:00:00,BTC/USDT,9137.18,9146.35,8900,9071.86,1261953986,424855
1593820000000,2020-07-04 00:00:00,BTC/USDT,9058.07,9194,9042.84,9137.18,913030839.3,300402
1593730000000,2020-07-03 00:00:00,BTC/USDT,9087.72,9124.52,9036.06,9057.52,881331916.3,334878
1593650000000,2020-07-02 00:00:00,BTC/USDT,9233.29,9262.99,8936,9087.72,2105533922,649904
1593560000000,2020-07-01 00:00:00,BTC/USDT,9138.88,9293,9090,9233.29,1487427692,446516
1593480000000,2020-06-30 00:00:00,BTC/USDT,9189.99,9205,9063.97,9138.87,1311949156,418034
1593390000000,2020-06-29 00:00:00,BTC/USDT,9114.01,9233,9022,9189.48,1610778783,513754
1593300000000,2020-06-28 00:00:00,BTC/USDT,9008,9188,8932.68,9114,1395928887,480457
1593220000000,2020-06-27 00:00:00,BTC/USDT,9159.99,9195.75,8816.4,9008,2153509215,635966
1593130000000,2020-06-26 00:00:00,BTC/USDT,9246.75,9297.16,9038.52,9159.99,2285936801,682581
1593040000000,2020-06-25 00:00:00,BTC/USDT,9298.78,9350.9,9005,9246.75,2510788505,724717
1592960000000,2020-06-24 00:00:00,BTC/USDT,9631.65,9678,9210,9298.4,2825265495,748649
1592870000000,2020-06-23 00:00:00,BTC/USDT,9686.99,9723.23,9585,9631.66,1588083862,432869
1592780000000,2020-06-22 00:00:00,BTC/USDT,9293.39,9795,9273,9686.99,2482574354,634767
1592700000000,2020-06-21 00:00:00,BTC/USDT,9353.84,9420.47,9279,9293.51,1033976411,316619
1592610000000,2020-06-20 00:00:00,BTC/USDT,9307,9394.29,9165,9354.04,1436354409,425349
1592520000000,2020-06-19 00:00:00,BTC/USDT,9381.99,9453,9239,9307,2048059719,588538
1592440000000,2020-06-18 00:00:00,BTC/USDT,9458.45,9483.85,9272.41,9381.59,1488056321,477815
1592350000000,2020-06-17 00:00:00,BTC/USDT,9519.13,9569,9231.03,9458.45,2143290042,623537
1592270000000,2020-06-16 00:00:00,BTC/USDT,9422.01,9595,9370,9519.12,2143232283,641488
1592180000000,2020-06-15 00:00:00,BTC/USDT,9339.7,9490.83,8888.43,9422.01,3811857668,1088825
1592090000000,2020-06-14 00:00:00,BTC/USDT,9468.55,9477,9240.97,9339.61,1350388889,422272
1592010000000,2020-06-13 00:00:00,BTC/USDT,9458.77,9497.85,9340,9468.54,1068817694,348090
1591920000000,2020-06-12 00:00:00,BTC/USDT,9277.72,9550,9238,9458.91,1992908460,641434
1591830000000,2020-06-11 00:00:00,BTC/USDT,9884.99,9970.1,9055.07,9278.03,3862130909,1027558
1591750000000,2020-06-10 00:00:00,BTC/USDT,9771.66,10015.99,9681.21,9884.99,1900724588,551989
1591660000000,2020-06-09 00:00:00,BTC/USDT,9778.87,9890,9550.03,9771.66,1986584445,553812
1591570000000,2020-06-08 00:00:00,BTC/USDT,9743.92,9816,9631,9778.87,1575946981,474606
1591490000000,2020-06-07 00:00:00,BTC/USDT,9664.01,9823.13,9373,9743.92,2440468631,695541
1591400000000,2020-06-06 00:00:00,BTC/USDT,9616.64,9738.77,9528,9664,1469881938,507355
1591320000000,2020-06-05 00:00:00,BTC/USDT,9788.32,9855,9580.52,9617.29,2307020793,674699
1591230000000,2020-06-04 00:00:00,BTC/USDT,9663.58,9884,9440,9788.33,2564530031,769445
1591140000000,2020-06-03 00:00:00,BTC/USDT,9514.9,9694.75,9382.33,9663.59,1770390771,571997
1591060000000,2020-06-02 00:00:00,BTC/USDT,10232.41,10262.3,9264.15,9514.9,3459821279,939395
1590970000000,2020-06-01 00:00:00,BTC/USDT,9446.49,10497.25,9420.85,10232.48,3267274408,922467
1590880000000,2020-05-31 00:00:00,BTC/USDT,9694.38,9698,9371.76,9446.43,2096318342,676486
1590800000000,2020-05-30 00:00:00,BTC/USDT,9422.11,9753,9326.01,9695,2431044087,691896
1590710000000,2020-05-29 00:00:00,BTC/USDT,9569.58,9598,9317.42,9422.26,2255365978,627717
1590620000000,2020-05-28 00:00:00,BTC/USDT,9197.32,9621.65,9110.97,9569.59,3062477085,801469
1590540000000,2020-05-27 00:00:00,BTC/USDT,8837.88,9230,8811,9197.32,2466842797,700725
1590450000000,2020-05-26 00:00:00,BTC/USDT,8895.66,9011.82,8693.18,8837.05,2439508067,736181
1590360000000,2020-05-25 00:00:00,BTC/USDT,8711.37,8977,8623.38,8895.65,2667337683,775095
1590280000000,2020-05-24 00:00:00,BTC/USDT,9176.32,9294.44,8674,8711.37,3070856922,872058
1590190000000,2020-05-23 00:00:00,BTC/USDT,9166.43,9300,9076.9,9176.41,1852871138,582528
1590110000000,2020-05-22 00:00:00,BTC/USDT,9060,9259.38,8920,9166.4,2515865909,772928
1590020000000,2020-05-21 00:00:00,BTC/USDT,9508,9573,8812.2,9060,4241795753,1286185
1589930000000,2020-05-20 00:00:00,BTC/USDT,9772.66,9838,9281.42,9508.11,3218411346,920679
1589850000000,2020-05-19 00:00:00,BTC/USDT,9731.11,9900,9462,9773.64,3642878349,1062705
1589760000000,2020-05-18 00:00:00,BTC/USDT,9677.31,9958.67,9450,9731.1,3533354105,1065425
1589670000000,2020-05-17 00:00:00,BTC/USDT,9374.99,9880,9317.16,9678.57,2902728543,973266
1589590000000,2020-05-16 00:00:00,BTC/USDT,9311.21,9585,9210.03,9374.99,2705830762,918028
1589500000000,2020-05-15 00:00:00,BTC/USDT,9787.62,9843.5,9100,9310.73,4784027639,1399261
1589410000000,2020-05-14 00:00:00,BTC/USDT,9305.91,9950,9250.66,9786.8,5798873581,1596856
1589330000000,2020-05-13 00:00:00,BTC/USDT,8808.71,9397,8790.04,9305.91,3445913925,1154539
1589240000000,2020-05-12 00:00:00,BTC/USDT,8560.73,8981,8520.43,8808.71,3246499322,1104068
1589160000000,2020-05-11 00:00:00,BTC/USDT,8723.23,9164,8151.12,8561.09,7000184962,2107410
1589070000000,2020-05-10 00:00:00,BTC/USDT,9550.25,9580,7940,8719.53,7302630277,2157408
1588980000000,2020-05-09 00:00:00,BTC/USDT,9809.63,9923.98,9528.23,9550.67,3999406853,1189983
1588900000000,2020-05-08 00:00:00,BTC/USDT,9994.74,10045.03,9726,9807.49,4537481798,1342120
1588810000000,2020-05-07 00:00:00,BTC/USDT,9148.29,10080,9022,9995,7079465730,2004469
1588720000000,2020-05-06 00:00:00,BTC/USDT,9022.76,9405,8916.01,9148.27,4664860084,1337479
1588640000000,2020-05-05 00:00:00,BTC/USDT,8873.99,9118.17,8766.12,9022.78,3661156607,1172631
1588550000000,2020-05-04 00:00:00,BTC/USDT,8899.99,8954.94,8526,8873.98,3852426972,1272135
1588460000000,2020-05-03 00:00:00,BTC/USDT,8975.18,9200,8727.24,8900,4049513026,1308158
1588380000000,2020-05-02 00:00:00,BTC/USDT,8830.52,9020,8755.01,8975.18,2627710360,893324
1588290000000,2020-05-01 00:00:00,BTC/USDT,8623.61,9065,8619.84,8830.52,3680586288,1303431
1588200000000,2020-04-30 00:00:00,BTC/USDT,8784.05,9479.77,8400,8624.76,8437341148,2329118
1588120000000,2020-04-29 00:00:00,BTC/USDT,7735.76,8988.66,7710,8784.2,7297189827,2033439
1588030000000,2020-04-28 00:00:00,BTC/USDT,7774,7780,7662.49,7735.75,1679915193,588167
1587950000000,2020-04-27 00:00:00,BTC/USDT,7693.63,7795.6,7623.98,7774,2236759632,755785
1587860000000,2020-04-26 00:00:00,BTC/USDT,7534.01,7709.57,7476.86,7694.17,2052434574,720885
1587770000000,2020-04-25 00:00:00,BTC/USDT,7504.62,7722.33,7433,7534.01,1836251609,645606
1587690000000,2020-04-24 00:00:00,BTC/USDT,7483.36,7612.91,7388,7504.11,2091451738,808016
1587600000000,2020-04-23 00:00:00,BTC/USDT,7120.06,7802.38,7020,7483.35,3475717727,1298970
1587510000000,2020-04-22 00:00:00,BTC/USDT,6838,7154.9,6812.57,7120.06,2147460698,926951
1587430000000,2020-04-21 00:00:00,BTC/USDT,6825.28,6940,6759.16,6838,1972271577,927606
1587340000000,2020-04-20 00:00:00,BTC/USDT,7118.04,7208.55,6735.95,6825.29,3107676568,1327875
1587250000000,2020-04-19 00:00:00,BTC/USDT,7242.49,7258.42,7055,7118.03,1550386465,687566
1587170000000,2020-04-18 00:00:00,BTC/USDT,7022,7290,7008.11,7242.42,1616702892,665801
1587080000000,2020-04-17 00:00:00,BTC/USDT,7098.15,7140,6981,7022.44,1958075005,815405
1587000000000,2020-04-16 00:00:00,BTC/USDT,6616.88,7190.92,6465.33,7098.15,3869854830,1570129
1586910000000,2020-04-15 00:00:00,BTC/USDT,6864.11,6929,6602.59,6616.89,1902882417,978500
1586820000000,2020-04-14 00:00:00,BTC/USDT,6834.01,6975.6,6751,6864.11,1926255197,1002761
1586740000000,2020-04-13 00:00:00,BTC/USDT,6900.19,6900.99,6558,6834,2840095792,1257602
1586650000000,2020-04-12 00:00:00,BTC/USDT,6874.17,7173.98,6775.66,6900.52,2245397130,960439
1586560000000,2020-04-11 00:00:00,BTC/USDT,6858,6944.28,6757.29,6874.18,1535701120,703329
1586480000000,2020-04-10 00:00:00,BTC/USDT,7278.83,7290,6741,6857.82,3057722781,1366733
1586390000000,2020-04-09 00:00:00,BTC/USDT,7357.15,7365.69,7105.98,7278.65,2136691783,844238
1586300000000,2020-04-08 00:00:00,BTC/USDT,7192.9,7417.83,7145.14,7357.66,2426530950,1007080
1586220000000,2020-04-07 00:00:00,BTC/USDT,7325.73,7457,7070.43,7192.9,3065548692,1075255
1586130000000,2020-04-06 00:00:00,BTC/USDT,6768.9,7370,6760,7325.73,3269655314,1279153
1586040000000,2020-04-05 00:00:00,BTC/USDT,6851.4,6893.44,6668.02,6768.9,1622119003,698862
1585960000000,2020-04-04 00:00:00,BTC/USDT,6729.8,7020,6629.99,6851.1,2168134179,918658
1585870000000,2020-04-03 00:00:00,BTC/USDT,6791.65,7049.11,6600,6729.8,2809083862,1074346
1585790000000,2020-04-02 00:00:00,BTC/USDT,6641.22,7290,6542.73,6791.63,3604597593,1382876
1585700000000,2020-04-01 00:00:00,BTC/USDT,6407.1,6693,6140,6641.51,2470585504,1158799
1585610000000,2020-03-31 00:00:00,BTC/USDT,6389.52,6516.63,6320,6407.1,1689175319,790788
1585530000000,2020-03-30 00:00:00,BTC/USDT,5876.27,6606.15,5850,6391.08,2435748935,1071219
1585440000000,2020-03-29 00:00:00,BTC/USDT,6231.81,6260,5857.6,5876.27,1525085227,695647
1585350000000,2020-03-28 00:00:00,BTC/USDT,6353.64,6354.74,6004,6230.95,2120036125,1008455
1585270000000,2020-03-27 00:00:00,BTC/USDT,6733.76,6840,6230,6353.64,1715677662,741333
1585180000000,2020-03-26 00:00:00,BTC/USDT,6673.57,6777.5,6500,6733.76,1870132449,808889
1585090000000,2020-03-25 00:00:00,BTC/USDT,6740.86,6960.71,6436.26,6673.41,2667204859,1046097
1585010000000,2020-03-24 00:00:00,BTC/USDT,6463.21,6840,6369,6741.33,2903592539,1114257
1584920000000,2020-03-23 00:00:00,BTC/USDT,5810.3,6619.9,5670,6463.84,3012248579,1193611
1584840000000,2020-03-22 00:00:00,BTC/USDT,6183.84,6408.91,5730.35,5810.17,2379970465,1072425
1584750000000,2020-03-21 00:00:00,BTC/USDT,6204.47,6457.17,5854.01,6183.69,2387762770,986672
1584660000000,2020-03-20 00:00:00,BTC/USDT,6159.41,6911,5650,6203.77,3643186060,1274738
1584580000000,2020-03-19 00:00:00,BTC/USDT,5389.94,6400,5246.5,6159.6,2922169779,1105378
1584490000000,2020-03-18 00:00:00,BTC/USDT,5306.42,5435,4982.75,5389.64,2108477121,915737
1584400000000,2020-03-17 00:00:00,BTC/USDT,5027.11,5529.98,4913.49,5307.38,2271134947,1054231
1584320000000,2020-03-16 00:00:00,BTC/USDT,5354.81,5361.26,4413.62,5026.26,3043134893,1445469
1584230000000,2020-03-15 00:00:00,BTC/USDT,5167.21,5954.47,5089.12,5357.32,1916062699,806813
1584140000000,2020-03-14 00:00:00,BTC/USDT,5569.84,5638.42,5040,5167.01,1697439879,778184
1584060000000,2020-03-13 00:00:00,BTC/USDT,4762.28,5971,3621.81,5570.26,4777193239,2491958
1583970000000,2020-03-12 00:00:00,BTC/USDT,7938.39,7969,4347,4764.65,4935684191,1559176
1583880000000,2020-03-11 00:00:00,BTC/USDT,7898.21,7988,7593.29,7938.39,1724800754,401429
1583800000000,2020-03-10 00:00:00,BTC/USDT,7932.45,8156.31,7733,7897.66,2044527825,480453
1583710000000,2020-03-09 00:00:00,BTC/USDT,8038.99,8182.31,7635.21,7932.15,2627368283,630254
1583630000000,2020-03-08 00:00:00,BTC/USDT,8895.62,8897.71,7997.7,8038.46,2003492669,443337
1583540000000,2020-03-07 00:00:00,BTC/USDT,9139.77,9204,8850,8897.18,1135455550,240352
1583450000000,2020-03-06 00:00:00,BTC/USDT,9062.62,9179.75,8994.14,9139.48,1045435230,226911
1583370000000,2020-03-05 00:00:00,BTC/USDT,8755.98,9172.3,8755.98,9062.81,1458350449,305604
1583280000000,2020-03-04 00:00:00,BTC/USDT,8765,8853.88,8669.23,8756.93,923600039.9,219177
1583190000000,2020-03-03 00:00:00,BTC/USDT,8919.7,8922.34,8657.41,8765,1406716869,331015
1583110000000,2020-03-02 00:00:00,BTC/USDT,8537.84,8972,8504.95,8919.7,1405207929,330286
1583020000000,2020-03-01 00:00:00,BTC/USDT,8532.5,8762.24,8409,8537.84,1494294629,346326
1582930000000,2020-02-29 00:00:00,BTC/USDT,8699.86,8799.83,8530,8531.98,898160923.8,217411
1582850000000,2020-02-28 00:00:00,BTC/USDT,8827.12,8908.86,8450,8699.57,1698656157,479621
1582760000000,2020-02-27 00:00:00,BTC/USDT,8793.96,8978,8533.9,8828,1763578868,447761
1582680000000,2020-02-26 00:00:00,BTC/USDT,9326,9384,8610,8792.22,2409004405,594555
1582590000000,2020-02-25 00:00:00,BTC/USDT,9662.88,9686.78,9247,9326,1596316069,370353
1582500000000,2020-02-24 00:00:00,BTC/USDT,9943.12,10000,9487.38,9662.95,1535789025,357670
1582420000000,2020-02-23 00:00:00,BTC/USDT,9658.95,10018.9,9657,9943.12,959596142.4,229104
1582330000000,2020-02-22 00:00:00,BTC/USDT,9681.39,9710.7,9565,9659.2,563688224.3,137989
1582240000000,2020-02-21 00:00:00,BTC/USDT,9601.51,9759.59,9547,9681.39,957995037.6,222939
1582160000000,2020-02-20 00:00:00,BTC/USDT,9593.31,9700,9382.59,9601.99,1370467343,340441
1582070000000,2020-02-19 00:00:00,BTC/USDT,10174.53,10286,9293.07,9593.65,1861820033,442535
1581980000000,2020-02-18 00:00:00,BTC/USDT,9716,10270,9598,10174.32,1642320614,398826
1581900000000,2020-02-17 00:00:00,BTC/USDT,9921.87,9971,9461.89,9716,1795989784,399493
1581810000000,2020-02-16 00:00:00,BTC/USDT,9914.31,10060.45,9626.64,9921.86,1398906975,321449
1581720000000,2020-02-15 00:00:00,BTC/USDT,10356.27,10389.75,9752.3,9914.99,1533600988,325934
1581640000000,2020-02-14 00:00:00,BTC/USDT,10240.02,10390,10123.37,10356.82,1345001966,267110
1581550000000,2020-02-13 00:00:00,BTC/USDT,10339.64,10540,10101,10239.63,2192034973,454247
1581470000000,2020-02-12 00:00:00,BTC/USDT,10230.74,10479.98,10229.71,10339.99,1650500848,336615
1581380000000,2020-02-11 00:00:00,BTC/USDT,9865.56,10409.96,9729.36,10229.06,1906183205,381836
1581290000000,2020-02-10 00:00:00,BTC/USDT,10167.37,10213.56,9750,9865.56,1831546625,333889
1581210000000,2020-02-09 00:00:00,BTC/USDT,9906.09,10184.34,9892.15,10167.38,1446593332,270733
1581120000000,2020-02-08 00:00:00,BTC/USDT,9821.52,9956,9680.55,9906.43,1270369231,238583
1581030000000,2020-02-07 00:00:00,BTC/USDT,9777.97,9900,9736.66,9821.52,1272175091,244078
1580950000000,2020-02-06 00:00:00,BTC/USDT,9630,9884,9550,9778.12,1950865329,366953
1580860000000,2020-02-05 00:00:00,BTC/USDT,9198.32,9799.08,9179.88,9630,2014987376,387332
1580770000000,2020-02-04 00:00:00,BTC/USDT,9300.63,9368,9105,9198.35,1363688333,282503
1580690000000,2020-02-03 00:00:00,BTC/USDT,9340.49,9647.61,9250,9300.64,1491076834,313233
1580600000000,2020-02-02 00:00:00,BTC/USDT,9392.99,9489.92,9160.01,9338.2,1391948767,285872
1580520000000,2020-02-01 00:00:00,BTC/USDT,9364.5,9477.76,9306,9392.74,1024210863,229569
1580430000000,2020-01-31 00:00:00,BTC/USDT,9525.67,9550.72,9220,9364.51,1373298968,266727
1580340000000,2020-01-30 00:00:00,BTC/USDT,9311.23,9599,9210.42,9525.67,1789181440,393732
1580260000000,2020-01-29 00:00:00,BTC/USDT,9399.72,9460.52,9242,9311,1584974428,338155
1580170000000,2020-01-28 00:00:00,BTC/USDT,8913.61,9436.06,8905,9398.98,2222778105,455985
1580080000000,2020-01-27 00:00:00,BTC/USDT,8611.21,9015.48,8565,8913.61,1511064611,359034
1580000000000,2020-01-26 00:00:00,BTC/USDT,8344.37,8624.45,8300,8611.21,999306483.1,218347
1579910000000,2020-01-25 00:00:00,BTC/USDT,8442.82,8455,8272,8344.64,809079683.3,186872
1579820000000,2020-01-24 00:00:00,BTC/USDT,8410,8528,8247,8441.96,1217077352,316370
1579740000000,2020-01-23 00:00:00,BTC/USDT,8684.47,8694,8326,8409.6,1383035383,335447
1579650000000,2020-01-22 00:00:00,BTC/USDT,8742.78,8820,8585.85,8684.57,819676430.9,180455
1579560000000,2020-01-21 00:00:00,BTC/USDT,8650,8790.1,8448.6,8742.43,931932876.5,200875
1579480000000,2020-01-20 00:00:00,BTC/USDT,8705.98,8750.37,8526.06,8650,1083263125,240897
1579390000000,2020-01-19 00:00:00,BTC/USDT,8925,9205.3,8440.91,8705.85,1990403744,444795
1579310000000,2020-01-18 00:00:00,BTC/USDT,8918.73,8995,8816,8925,1021654832,220520
1579220000000,2020-01-17 00:00:00,BTC/USDT,8724.99,9039,8680,8918.72,1827760141,390463
1579130000000,2020-01-16 00:00:00,BTC/USDT,8825.35,8868.21,8596.25,8725.08,1460649456,294579
1579050000000,2020-01-15 00:00:00,BTC/USDT,8825,8921.2,8570.52,8825.3,2084078908,435491
1578960000000,2020-01-14 00:00:00,BTC/USDT,8112.99,8893,8109.02,8825,2496741836,652920
1578870000000,2020-01-13 00:00:00,BTC/USDT,8186.22,8200,8053.78,8113,604921759.1,184440
1578790000000,2020-01-12 00:00:00,BTC/USDT,8020.58,8195,7956.28,8186.7,881428055.7,243290
1578700000000,2020-01-11 00:00:00,BTC/USDT,8207.2,8292.19,8003.87,8020.56,1338581054,354690
1578610000000,2020-01-10 00:00:00,BTC/USDT,7817.91,8210.62,7670,8207.09,2013738850,542054
1578530000000,2020-01-09 00:00:00,BTC/USDT,8059.77,8060,7750.01,7818.59,1478591346,362420
1578440000000,2020-01-08 00:00:00,BTC/USDT,8150.9,8468.42,7870.11,8059.84,2644782836,650971
1578360000000,2020-01-07 00:00:00,BTC/USDT,7757.74,8215.33,7733,8152.49,2233372067,526402
1578270000000,2020-01-06 00:00:00,BTC/USDT,7354.36,7808.65,7345,7757.39,1272203777,323625
1578180000000,2020-01-05 00:00:00,BTC/USDT,7350.54,7495,7303,7354.36,874488521.4,238905
1578100000000,2020-01-04 00:00:00,BTC/USDT,7341.6,7400,7269.21,7350.71,678402363.7,186349
1578010000000,2020-01-03 00:00:00,BTC/USDT,6962.34,7407.28,6863.44,7341.72,1507313613,409820
1577920000000,2020-01-02 00:00:00,BTC/USDT,7197.57,7209.59,6922,6962.04,815627831.1,224747
1577840000000,2020-01-01 00:00:00,BTC/USDT,7189.43,7260.43,7170.15,7197.57,409678760.6,101871
1577750000000,2019-12-31 00:00:00,BTC/USDT,7240.8,7319,7141,7189,643792056.6,157014
1577660000000,2019-12-30 00:00:00,BTC/USDT,7383.68,7400,7215.58,7240.43,689435672.2,174925
1577580000000,2019-12-29 00:00:00,BTC/USDT,7310.29,7527,7283.6,7383.67,756943061.5,186571
1577490000000,2019-12-28 00:00:00,BTC/USDT,7248.4,7359.15,7235,7311.48,667101749.4,156362
1577400000000,2019-12-27 00:00:00,BTC/USDT,7197.84,7270,7078.89,7248.4,808407623.1,211189
1577320000000,2019-12-26 00:00:00,BTC/USDT,7201.67,7438.8,7151,7197.46,973097296.8,246938
1577230000000,2019-12-25 00:00:00,BTC/USDT,7251.57,7267.63,7123.19,7201.45,699094669.9,174360
1577150000000,2019-12-24 00:00:00,BTC/USDT,7314.03,7434.55,7156.08,7252.04,1087303263,279760
1577060000000,2019-12-23 00:00:00,BTC/USDT,7502.92,7691,7262,7314.01,1615203185,431464
1576970000000,2019-12-22 00:00:00,BTC/USDT,7131.02,7517.61,7122,7502.92,948741532.6,278563
1576890000000,2019-12-21 00:00:00,BTC/USDT,7184.39,7185,7108,7131.01,316691491.6,99594
1576800000000,2019-12-20 00:00:00,BTC/USDT,7146.29,7217.08,7078.17,7184.39,618061855.5,179313
1576710000000,2019-12-19 00:00:00,BTC/USDT,7278.11,7367.87,7042.82,7146.29,1136320674,323697
1576630000000,2019-12-18 00:00:00,BTC/USDT,6618.96,7479.99,6427,7277.44,2241615062,675369
1576540000000,2019-12-17 00:00:00,BTC/USDT,6887.48,6940,6550,6618.96,1119916914,348899
1576450000000,2019-12-16 00:00:00,BTC/USDT,7115.45,7147.34,6831,6887.54,823110567.2,249488
1576370000000,2019-12-15 00:00:00,BTC/USDT,7060.79,7196,7004.77,7115,623906287.2,180924
1576280000000,2019-12-14 00:00:00,BTC/USDT,7252.98,7266.14,7007.86,7061.34,697707778.2,236813
1576200000000,2019-12-13 00:00:00,BTC/USDT,7194.08,7298,7190,7252.98,580009722,187255
1576110000000,2019-12-12 00:00:00,BTC/USDT,7206.78,7295.12,7080,7194.77,1009269924,304604
1576020000000,2019-12-11 00:00:00,BTC/USDT,7220.92,7267,7117.74,7205.77,701421428,224496
1575940000000,2019-12-10 00:00:00,BTC/USDT,7338.2,7403.71,7152,7220.98,923135831.9,294099
1575850000000,2019-12-09 00:00:00,BTC/USDT,7507.87,7676.48,7269.05,7337.49,1017059788,349478
1575760000000,2019-12-08 00:00:00,BTC/USDT,7487.19,7559.39,7376,7508.2,631265923.9,218684
1575680000000,2019-12-07 00:00:00,BTC/USDT,7521.13,7616.91,7467.44,7487.2,625725539.4,223129
1575590000000,2019-12-06 00:00:00,BTC/USDT,7384.66,7602.44,7295.73,7522.1,1009056960,367352
1575500000000,2019-12-05 00:00:00,BTC/USDT,7189.42,7480,7142.54,7384.99,1291358111,446089
1575420000000,2019-12-04 00:00:00,BTC/USDT,7290.85,7800,7070,7191,2010415074,593445
1575330000000,2019-12-03 00:00:00,BTC/USDT,7291.74,7404.42,7231.35,7290.86,618921233,233130
1575240000000,2019-12-02 00:00:00,BTC/USDT,7388,7416.75,7137.74,7291,1049763091,370901
1575160000000,2019-12-01 00:00:00,BTC/USDT,7541.08,7541.08,7222.29,7387.38,1442570909,500459
1575070000000,2019-11-30 00:00:00,BTC/USDT,7737.23,7800,7444.18,7542.93,1081497212,362290
1574990000000,2019-11-29 00:00:00,BTC/USDT,7417,7850,7394.57,7736.66,1415257728,481870
1574900000000,2019-11-28 00:00:00,BTC/USDT,7506.78,7643,7356,7415.79,1314201480,439167
1574810000000,2019-11-27 00:00:00,BTC/USDT,7149.97,7669.2,6850,7506.77,2162938473,787562
1574730000000,2019-11-26 00:00:00,BTC/USDT,7103.34,7340.06,7011.9,7150,1384559258,525112
1574640000000,2019-11-25 00:00:00,BTC/USDT,6899.77,7386.29,6510.19,7102.03,2320368143,926856
1574550000000,2019-11-24 00:00:00,BTC/USDT,7306.19,7324.92,6855.91,6900.86,1303419525,504021
1574470000000,2019-11-23 00:00:00,BTC/USDT,7261.89,7345.84,7073.38,7305.99,1008592734,378359
1574380000000,2019-11-22 00:00:00,BTC/USDT,7621.89,7765.03,6762.73,7262.72,2688155961,999166
1574290000000,2019-11-21 00:00:00,BTC/USDT,8094.57,8131.51,7432,7621.9,1400628627,412277
1574210000000,2019-11-20 00:00:00,BTC/USDT,8131.12,8230,8037.5,8094.05,708540147,241974
1574120000000,2019-11-19 00:00:00,BTC/USDT,8183.3,8212.87,8000,8131.7,898778770.9,294385
1574040000000,2019-11-18 00:00:00,BTC/USDT,8504.13,8504.71,8050,8183.26,1028202470,363313
1573950000000,2019-11-17 00:00:00,BTC/USDT,8491.18,8631,8355.78,8504.04,614653043.3,215149
1573860000000,2019-11-16 00:00:00,BTC/USDT,8473.3,8540.54,8435,8491.06,412710046.7,152747
1573780000000,2019-11-15 00:00:00,BTC/USDT,8642.47,8780,8380,8473.27,1246865100,368156
1573690000000,2019-11-14 00:00:00,BTC/USDT,8774.78,8798.06,8581.39,8642.25,754801551.1,225625
1573600000000,2019-11-13 00:00:00,BTC/USDT,8817.94,8838,8712,8774.76,513537401.1,163995
1573520000000,2019-11-12 00:00:00,BTC/USDT,8729.89,8889.06,8552.12,8817,938793147,287214
1573430000000,2019-11-11 00:00:00,BTC/USDT,9041.31,9072.91,8611.11,8728.93,996043073.2,324917
1573340000000,2019-11-10 00:00:00,BTC/USDT,8811.3,9187,8760,9041.31,814629855.8,245197
1573260000000,2019-11-09 00:00:00,BTC/USDT,8775.6,8878,8727,8811.15,588949194.3,183364
1573170000000,2019-11-08 00:00:00,BTC/USDT,9221.63,9259.3,8669.85,8775.03,1355101394,319405
1573080000000,2019-11-07 00:00:00,BTC/USDT,9344.29,9381.93,9091.2,9219.64,714933248.8,178691
1573000000000,2019-11-06 00:00:00,BTC/USDT,9313.1,9450,9259.48,9343.6,689203217.4,190226
1572910000000,2019-11-05 00:00:00,BTC/USDT,9395.47,9457.13,9164.33,9313.2,1060847258,276198
1572830000000,2019-11-04 00:00:00,BTC/USDT,9197.86,9550,9126.01,9395.46,841596521.3,248571
1572740000000,2019-11-03 00:00:00,BTC/USDT,9288.96,9366.69,9073,9197.88,695623695.1,257133
1572650000000,2019-11-02 00:00:00,BTC/USDT,9231.7,9375,9194.98,9287.8,524748680.1,163182
1572570000000,2019-11-01 00:00:00,BTC/USDT,9149.88,9280,9050.27,9231.01,798942104.7,237247
1572480000000,2019-10-31 00:00:00,BTC/USDT,9163.4,9438.64,8933,9150,907028492.4,247658
1572390000000,2019-10-30 00:00:00,BTC/USDT,9415.02,9418.65,8975.72,9165.3,904505541,233836
1572310000000,2019-10-29 00:00:00,BTC/USDT,9215.78,9569.1,9070,9415.02,1169427308,242823
1572220000000,2019-10-28 00:00:00,BTC/USDT,9534.37,9930.13,9156.03,9217.36,1475693085,279048
1572130000000,2019-10-27 00:00:00,BTC/USDT,9234.75,9803.83,9066.07,9533.32,1551811193,309972
1572050000000,2019-10-26 00:00:00,BTC/USDT,8650,10408.48,8626.89,9232.22,2322814046,503375
1571960000000,2019-10-25 00:00:00,BTC/USDT,7410.07,8800,7359,8650,1351037936,322189
1571880000000,2019-10-24 00:00:00,BTC/USDT,7465.18,7495.81,7337.44,7411.35,495690565.1,111756
1571790000000,2019-10-23 00:00:00,BTC/USDT,8020.68,8047.78,7172.76,7465,828695587.2,202487
1571700000000,2019-10-22 00:00:00,BTC/USDT,8201,8290,8000,8020.89,568694788.5,115709
1571620000000,2019-10-21 00:00:00,BTC/USDT,8218.23,8334.57,8150,8201.74,492366045.4,100497
1571530000000,2019-10-20 00:00:00,BTC/USDT,7947.78,8300.5,7871.17,8218.23,631533255.8,120205
1571440000000,2019-10-19 00:00:00,BTC/USDT,7945.57,8108.54,7852.12,7947.13,620945265.2,98068
1571360000000,2019-10-18 00:00:00,BTC/USDT,8069.41,8117.3,7812,7943.94,597673590.5,102381
1571270000000,2019-10-17 00:00:00,BTC/USDT,7994.76,8124.63,7930,8069.2,468701652,80845
1571180000000,2019-10-16 00:00:00,BTC/USDT,8160.55,8184,7900.24,7992.21,566811841.9,90317
1571100000000,2019-10-15 00:00:00,BTC/USDT,8346.31,8408.62,8080,8160.01,711597427.7,97630
1571010000000,2019-10-14 00:00:00,BTC/USDT,8274.33,8381.77,8205.02,8346.05,514903627.2,93034
1570920000000,2019-10-13 00:00:00,BTC/USDT,8300.31,8456,8137.3,8274.66,365285901.8,80857
1570840000000,2019-10-12 00:00:00,BTC/USDT,8255.54,8397.45,8248.34,8300.22,314379330.8,68373
1570750000000,2019-10-11 00:00:00,BTC/USDT,8557,8788,8210,8255.58,582172642.9,116971
1570670000000,2019-10-10 00:00:00,BTC/USDT,8559.77,8640.89,8419.34,8556.02,377726959.9,83861
1570580000000,2019-10-09 00:00:00,BTC/USDT,8168.33,8700,8113,8559.77,549731852.7,114326
1570490000000,2019-10-08 00:00:00,BTC/USDT,8188.55,8322.01,8103.88,8167.62,366576763.2,82468
1570410000000,2019-10-07 00:00:00,BTC/USDT,7851.01,8330,7764.42,8186.88,504822438.8,115400
1570320000000,2019-10-06 00:00:00,BTC/USDT,8122.01,8148.43,7760,7852.79,333155725,94844
1570230000000,2019-10-05 00:00:00,BTC/USDT,8130,8175,8010,8122.14,244744089.1,69791
1570150000000,2019-10-04 00:00:00,BTC/USDT,8219.95,8227.42,7979.95,8130.56,230978393.3,74683
1570060000000,2019-10-03 00:00:00,BTC/USDT,8353.4,8386,8020,8220.27,274334928.4,82221
1569970000000,2019-10-02 00:00:00,BTC/USDT,8290,8365.92,8149.35,8352.14,249785989.1,71452
1569890000000,2019-10-01 00:00:00,BTC/USDT,8285.31,8499,8171,8290,327218811.6,92166
1569800000000,2019-09-30 00:00:00,BTC/USDT,8042.08,8331.89,7709.01,8285.84,436701925.2,107329
1569720000000,2019-09-29 00:00:00,BTC/USDT,8199,8226.35,7888.98,8041.96,289320913.7,78128
1569630000000,2019-09-28 00:00:00,BTC/USDT,8178.26,8311,8001.14,8195.38,275406180.4,69220
1569540000000,2019-09-27 00:00:00,BTC/USDT,8061.98,8260,7851.94,8176.52,321440849.1,80396
1569460000000,2019-09-26 00:00:00,BTC/USDT,8428.15,8464.4,7700.67,8060.15,487919029.6,110581
1569370000000,2019-09-25 00:00:00,BTC/USDT,8493.32,8725.24,8200,8430.07,406841550.2,85707
1569280000000,2019-09-24 00:00:00,BTC/USDT,8683.2,9792.83,8645.61,8645.61,286175252.4,46730
1569200000000,2019-09-23 00:00:00,BTC/USDT,10027.69,10046.91,9620,9701.96,314749491.6,42190
1569110000000,2019-09-22 00:00:00,BTC/USDT,9992.7,10089.52,9857,10023.04,238688620.3,33401
1569020000000,2019-09-21 00:00:00,BTC/USDT,10166.56,10175.3,9912.63,9983.33,237320660.3,32670
1568940000000,2019-09-20 00:00:00,BTC/USDT,10247.7,10279.3,10070.5,10166.35,236683803.7,31054
1568850000000,2019-09-19 00:00:00,BTC/USDT,10154.7,10331.62,9530.02,10245.3,262112110,41871
1568760000000,2019-09-18 00:00:00,BTC/USDT,10183.87,10256.65,10097.92,10155.16,212309755,30799
1568680000000,2019-09-17 00:00:00,BTC/USDT,10257.3,10270.63,10136.77,10186.52,229911548.2,31535
1568590000000,2019-09-16 00:00:00,BTC/USDT,10302,10353.81,10080.7,10249.27,206767492.7,31837
1568510000000,2019-09-15 00:00:00,BTC/USDT,10333.47,10359.2,10024.81,10302.22,211512546,25912
1568420000000,2019-09-14 00:00:00,BTC/USDT,10343.01,10419.97,10222.77,10332.25,213270510.3,30436
1568330000000,2019-09-13 00:00:00,BTC/USDT,10414.96,10440.55,10153.51,10341.34,198205401.8,29249
1568250000000,2019-09-12 00:00:00,BTC/USDT,10163.06,10450.13,10042.12,10415.13,159494237.4,20060
1568160000000,2019-09-11 00:00:00,BTC/USDT,10094.27,10293.11,9884.31,10159.55,109786235.8,13811
1568070000000,2019-09-10 00:00:00,BTC/USDT,10307,10382.97,9940.87,10102.02,92717645.17,10089
1567990000000,2019-09-09 00:00:00,BTC/USDT,10316.62,10475.54,10077.22,10307,152447209.6,11296
1567900000000,2019-09-08 00:00:00,BTC/USDT,10000,10412.65,10000,10391.63,32096280.45,3754
